YEAR,DOY,QV2M,GWETROOT
2011,341,11.72,0.71
2011,342,8.24,0.71
2011,343,6.24,0.71
2011,344,5.47,0.71
2011,345,4.68,0.7
2011,346,5.39,0.7
2011,347,6.36,0.7
2011,348,7.4,0.7
2011,349,7.86,0.69
2011,350,6.91,0.69
2011,351,6.81,0.69
2011,352,7.26,0.69
2011,353,7.4,0.69
2011,354,8.28,0.69
2011,355,9.05,0.69
2011,356,7.57,0.68
2011,357,6.67,0.68
2011,358,4.96,0.68
2011,359,4.6,0.68
2011,360,4.94,0.68
2011,361,7.2,0.68
2011,362,9.59,0.68
2011,363,10.0,0.68
2011,364,8.15,0.68
2011,365,8.1,0.67
2012,1,8.6,0.67
2012,2,9.4,0.67
2012,3,9.2,0.68
2012,4,5.41,0.68
2012,5,5.63,0.68
2012,6,6.88,0.68
2012,7,7.31,0.68
2012,8,7.38,0.68
2012,9,7.57,0.68
2012,10,8.17,0.67
2012,11,7.98,0.67
2012,12,7.89,0.67
2012,13,9.2,0.67
2012,14,11.7,0.67
2012,15,11.31,0.68
2012,16,8.44,0.68
2012,17,10.14,0.68
2012,18,12.58,0.67
2012,19,13.98,0.67
2012,20,13.61,0.67
2012,21,13.51,0.67
2012,22,7.06,0.67
2012,23,5.3,0.66
2012,24,6.06,0.66
2012,25,4.81,0.66
2012,26,6.71,0.66
2012,27,8.48,0.66
2012,28,9.47,0.66
2012,29,7.94,0.66
2012,30,7.92,0.66
2012,31,7.14,0.66
2012,32,8.64,0.66
2012,33,9.7,0.66
2012,34,7.35,0.66
2012,35,9.71,0.66
2012,36,12.45,0.66
2012,37,12.56,0.66
2012,38,7.87,0.65
2012,39,7.05,0.65
2012,40,8.14,0.65
2012,41,8.76,0.65
2012,42,6.65,0.65
2012,43,9.52,0.65
2012,44,11.82,0.65
2012,45,12.61,0.65
2012,46,12.8,0.64
2012,47,8.97,0.64
2012,48,7.52,0.64
2012,49,6.91,0.64
2012,50,6.62,0.64
2012,51,8.42,0.64
2012,52,10.55,0.63
2012,53,12.67,0.63
2012,54,13.15,0.63
2012,55,14.03,0.62
2012,56,11.01,0.62
2012,57,7.91,0.62
2012,58,6.87,0.62
2012,59,7.16,0.62
2012,60,9.21,0.62
2012,61,11.36,0.62
2012,62,13.37,0.62
2012,63,14.39,0.63
2012,64,15.67,0.63
2012,65,14.07,0.63
2012,66,13.46,0.62
2012,67,15.08,0.62
2012,68,13.69,0.61
2012,69,9.61,0.61
2012,70,7.66,0.61
2012,71,8.55,0.61
2012,72,8.66,0.61
2012,73,9.46,0.61
2012,74,11.12,0.61
2012,75,13.7,0.61
2012,76,15.77,0.6
2012,77,16.76,0.6
2012,78,16.3,0.6
2012,79,16.46,0.6
2012,80,16.53,0.59
2012,81,16.26,0.59
2012,82,16.42,0.59
2012,83,11.04,0.59
2012,84,7.22,0.59
2012,85,7.87,0.59
2012,86,8.78,0.59
2012,87,11.3,0.58
2012,88,13.36,0.58
2012,89,13.97,0.58
2012,90,14.62,0.58
2012,91,10.28,0.58
2012,92,10.38,0.58
2012,93,13.09,0.58
2012,94,15.12,0.57
2012,95,15.99,0.58
2012,96,17.13,0.58
2012,97,16.12,0.58
2012,98,12.49,0.61
2012,99,13.0,0.62
2012,100,14.44,0.61
2012,101,15.95,0.6
2012,102,16.66,0.59
2012,103,17.25,0.58
2012,104,17.9,0.57
2012,105,18.48,0.57
2012,106,18.64,0.57
2012,107,18.72,0.56
2012,108,18.86,0.56
2012,109,19.19,0.56
2012,110,19.32,0.55
2012,111,19.25,0.55
2012,112,13.82,0.58
2012,113,14.44,0.58
2012,114,17.55,0.57
2012,115,18.09,0.56
2012,116,15.95,0.55
2012,117,12.03,0.54
2012,118,16.34,0.54
2012,119,17.94,0.53
2012,120,18.14,0.53
2012,121,17.28,0.52
2012,122,16.05,0.52
2012,123,18.12,0.51
2012,124,17.86,0.5
2012,125,18.27,0.5
2012,126,20.2,0.51
2012,127,19.68,0.55
2012,128,19.36,0.58
2012,129,19.58,0.58
2012,130,19.79,0.58
2012,131,19.94,0.57
2012,132,20.18,0.57
2012,133,20.4,0.57
2012,134,20.64,0.56
2012,135,20.89,0.56
2012,136,15.76,0.61
2012,137,16.07,0.6
2012,138,18.38,0.58
2012,139,19.72,0.57
2012,140,20.55,0.57
2012,141,20.75,0.57
2012,142,21.38,0.58
2012,143,21.14,0.61
2012,144,20.95,0.72
2012,145,20.59,0.71
2012,146,20.79,0.72
2012,147,17.32,0.73
2012,148,18.5,0.7
2012,149,20.05,0.68
2012,150,20.57,0.66
2012,151,19.73,0.66
2012,152,18.35,0.66
2012,153,19.6,0.67
2012,154,19.46,0.69
2012,155,19.47,0.7
2012,156,20.74,0.7
2012,157,21.63,0.68
2012,158,21.93,0.69
2012,159,21.22,0.7
2012,160,20.48,0.7
2012,161,20.81,0.69
2012,162,21.2,0.68
2012,163,20.6,0.67
2012,164,21.13,0.66
2012,165,21.36,0.66
2012,166,21.25,0.68
2012,167,19.41,0.7
2012,168,18.79,0.68
2012,169,19.1,0.67
2012,170,20.46,0.66
2012,171,21.59,0.67
2012,172,20.24,0.68
2012,173,20.49,0.68
2012,174,20.18,0.68
2012,175,20.59,0.68
2012,176,20.13,0.67
2012,177,19.13,0.67
2012,178,19.3,0.66
2012,179,20.17,0.66
2012,180,20.36,0.66
2012,181,20.83,0.66
2012,182,20.93,0.66
2012,183,20.96,0.72
2012,184,19.65,0.75
2012,185,19.54,0.73
2012,186,19.83,0.71
2012,187,20.2,0.7
2012,188,20.07,0.69
2012,189,20.51,0.69
2012,190,20.48,0.7
2012,191,20.65,0.7
2012,192,21.02,0.71
2012,193,21.47,0.71
2012,194,21.88,0.7
2012,195,22.03,0.71
2012,196,21.16,0.71
2012,197,21.23,0.7
2012,198,20.69,0.69
2012,199,20.56,0.68
2012,200,20.07,0.68
2012,201,20.8,0.69
2012,202,20.44,0.69
2012,203,20.43,0.69
2012,204,21.17,0.68
2012,205,20.5,0.71
2012,206,19.99,0.72
2012,207,20.64,0.75
2012,208,19.85,0.76
2012,209,19.68,0.74
2012,210,19.52,0.75
2012,211,20.48,0.78
2012,212,20.03,0.81
2012,213,20.19,0.79
2012,214,20.54,0.77
2012,215,20.94,0.75
2012,216,20.69,0.74
2012,217,20.3,0.74
2012,218,21.0,0.73
2012,219,21.12,0.76
2012,220,19.92,0.82
2012,221,20.86,0.82
2012,222,20.2,0.83
2012,223,19.85,0.84
2012,224,20.45,0.82
2012,225,20.79,0.8
2012,226,20.93,0.8
2012,227,20.17,0.8
2012,228,19.9,0.81
2012,229,20.66,0.8
2012,230,21.32,0.83
2012,231,20.7,0.92
2012,232,20.63,0.91
2012,233,19.96,0.89
2012,234,20.88,0.88
2012,235,20.94,0.89
2012,236,18.33,0.91
2012,237,18.63,0.9
2012,238,19.52,0.89
2012,239,19.71,0.88
2012,240,19.92,0.87
2012,241,20.54,0.86
2012,242,20.39,0.85
2012,243,21.04,0.85
2012,244,21.27,0.84
2012,245,20.89,0.84
2012,246,20.4,0.85
2012,247,19.79,0.85
2012,248,18.45,0.85
2012,249,18.9,0.84
2012,250,20.33,0.87
2012,251,19.63,0.9
2012,252,19.56,0.9
2012,253,19.43,0.89
2012,254,19.39,0.88
2012,255,19.34,0.87
2012,256,19.47,0.86
2012,257,16.41,0.86
2012,258,12.86,0.85
2012,259,12.92,0.85
2012,260,13.67,0.84
2012,261,15.99,0.83
2012,262,16.53,0.83
2012,263,17.55,0.82
2012,264,18.2,0.84
2012,265,19.44,0.84
2012,266,19.81,0.83
2012,267,20.17,0.82
2012,268,20.2,0.82
2012,269,20.13,0.83
2012,270,19.31,0.83
2012,271,19.04,0.83
2012,272,16.82,0.83
2012,273,14.25,0.82
2012,274,12.53,0.81
2012,275,12.99,0.8
2012,276,14.64,0.8
2012,277,17.44,0.79
2012,278,18.9,0.8
2012,279,17.67,0.82
2012,280,17.29,0.81
2012,281,16.11,0.8
2012,282,16.52,0.8
2012,283,16.62,0.79
2012,284,15.6,0.79
2012,285,15.87,0.78
2012,286,16.61,0.78
2012,287,17.17,0.78
2012,288,18.14,0.77
2012,289,17.5,0.77
2012,290,16.94,0.77
2012,291,14.08,0.77
2012,292,12.9,0.77
2012,293,16.55,0.76
2012,294,17.61,0.76
2012,295,17.81,0.76
2012,296,16.64,0.75
2012,297,15.9,0.75
2012,298,15.78,0.75
2012,299,16.51,0.74
2012,300,17.09,0.74
2012,301,16.73,0.74
2012,302,15.7,0.76
2012,303,15.75,0.84
2012,304,14.46,0.82
2012,305,10.42,0.8
2012,306,9.87,0.78
2012,307,11.7,0.77
2012,308,15.24,0.77
2012,309,13.35,0.77
2012,310,13.92,0.77
2012,311,16.2,0.77
2012,312,17.36,0.76
2012,313,18.16,0.76
2012,314,18.71,0.76
2012,315,18.64,0.76
2012,316,11.23,0.77
2012,317,10.8,0.77
2012,318,13.15,0.76
2012,319,15.41,0.76
2012,320,16.09,0.76
2012,321,14.83,0.75
2012,322,10.18,0.75
2012,323,10.55,0.75
2012,324,13.59,0.74
2012,325,16.0,0.74
2012,326,17.31,0.74
2012,327,17.9,0.74
2012,328,12.46,0.74
2012,329,10.72,0.74
2012,330,14.31,0.74
2012,331,10.74,0.75
2012,332,9.15,0.76
2012,333,11.17,0.75
2012,334,13.07,0.75
2012,335,15.66,0.75
2012,336,16.59,0.75
2012,337,8.68,0.77
2012,338,9.58,0.76
2012,339,10.41,0.76
2012,340,9.19,0.75
2012,341,8.31,0.75
2012,342,9.93,0.75
2012,343,10.62,0.74
2012,344,11.65,0.74
2012,345,13.99,0.74
2012,346,9.32,0.74
2012,347,9.58,0.74
2012,348,12.47,0.74
2012,349,14.87,0.74
2012,350,14.35,0.73
2012,351,13.33,0.73
2012,352,14.15,0.73
2012,353,8.9,0.73
2012,354,8.19,0.73
2012,355,12.86,0.73
2012,356,14.41,0.73
2012,357,8.02,0.73
2012,358,5.55,0.73
2012,359,6.04,0.72
2012,360,9.18,0.72
2012,361,11.4,0.72
2012,362,10.08,0.72
2012,363,10.07,0.72
2012,364,9.93,0.72
2012,365,4.85,0.72
2012,366,4.34,0.72
2013,1,5.46,0.72
2013,2,8.42,0.72
2013,3,7.36,0.72
2013,4,6.08,0.72
2013,5,6.24,0.72
2013,6,5.9,0.72
2013,7,6.39,0.72
2013,8,7.56,0.72
2013,9,6.14,0.72
2013,10,5.7,0.71
2013,11,6.27,0.71
2013,12,6.34,0.71
2013,13,7.32,0.71
2013,14,8.56,0.71
2013,15,9.81,0.71
2013,16,10.92,0.71
2013,17,8.8,0.71
2013,18,7.29,0.71
2013,19,8.94,0.71
2013,20,11.33,0.71
2013,21,12.39,0.71
2013,22,12.16,0.7
2013,23,11.06,0.7
2013,24,11.31,0.7
2013,25,9.14,0.7
2013,26,10.15,0.7
2013,27,8.66,0.7
2013,28,9.72,0.7
2013,29,11.71,0.7
2013,30,12.79,0.7
2013,31,13.34,0.7
2013,32,13.23,0.7
2013,33,12.92,0.69
2013,34,12.9,0.69
2013,35,13.56,0.7
2013,36,14.0,0.7
2013,37,14.81,0.69
2013,38,13.6,0.69
2013,39,12.29,0.68
2013,40,7.17,0.68
2013,41,8.84,0.68
2013,42,11.58,0.68
2013,43,11.35,0.68
2013,44,9.39,0.68
2013,45,12.41,0.68
2013,46,11.04,0.68
2013,47,10.04,0.68
2013,48,13.07,0.68
2013,49,14.59,0.67
2013,50,14.41,0.67
2013,51,9.15,0.67
2013,52,9.74,0.67
2013,53,8.84,0.67
2013,54,8.74,0.67
2013,55,10.78,0.67
2013,56,13.05,0.66
2013,57,14.53,0.66
2013,58,15.52,0.66
2013,59,16.03,0.65
2013,60,14.78,0.65
2013,61,11.52,0.65
2013,62,7.31,0.65
2013,63,7.9,0.65
2013,64,8.37,0.65
2013,65,10.41,0.65
2013,66,12.23,0.64
2013,67,12.93,0.64
2013,68,13.59,0.64
2013,69,14.33,0.64
2013,70,14.62,0.63
2013,71,15.05,0.63
2013,72,15.07,0.63
2013,73,14.65,0.63
2013,74,14.71,0.62
2013,75,15.49,0.62
2013,76,16.64,0.62
2013,77,17.29,0.62
2013,78,17.09,0.61
2013,79,16.22,0.61
2013,80,17.07,0.61
2013,81,16.76,0.61
2013,82,16.44,0.6
2013,83,16.55,0.6
2013,84,17.36,0.6
2013,85,17.21,0.6
2013,86,12.72,0.61
2013,87,15.57,0.61
2013,88,15.19,0.61
2013,89,15.9,0.61
2013,90,13.8,0.62
2013,91,15.72,0.62
2013,92,17.29,0.63
2013,93,18.37,0.63
2013,94,17.53,0.63
2013,95,15.21,0.62
2013,96,9.54,0.61
2013,97,9.54,0.6
2013,98,12.74,0.6
2013,99,14.71,0.6
2013,100,12.39,0.61
2013,101,10.72,0.61
2013,102,10.63,0.61
2013,103,11.53,0.6
2013,104,13.25,0.6
2013,105,15.08,0.6
2013,106,16.7,0.59
2013,107,17.33,0.59
2013,108,17.48,0.58
2013,109,17.7,0.58
2013,110,18.7,0.57
2013,111,18.24,0.57
2013,112,18.21,0.57
2013,113,19.26,0.57
2013,114,18.3,0.57
2013,115,19.14,0.57
2013,116,16.36,0.59
2013,117,17.38,0.59
2013,118,18.42,0.58
2013,119,18.64,0.57
2013,120,18.8,0.57
2013,121,14.87,0.62
2013,122,16.05,0.63
2013,123,17.09,0.63
2013,124,15.4,0.64
2013,125,16.76,0.63
2013,126,18.48,0.64
2013,127,18.28,0.65
2013,128,18.94,0.65
2013,129,19.61,0.65
2013,130,18.2,0.65
2013,131,15.13,0.64
2013,132,16.87,0.63
2013,133,19.58,0.62
2013,134,20.07,0.61
2013,135,19.76,0.6
2013,136,20.02,0.59
2013,137,22.16,0.58
2013,138,21.66,0.58
2013,139,20.76,0.58
2013,140,20.51,0.58
2013,141,20.86,0.6
2013,142,20.68,0.6
2013,143,20.77,0.6
2013,144,19.85,0.6
2013,145,20.86,0.6
2013,146,20.66,0.6
2013,147,20.09,0.6
2013,148,20.72,0.59
2013,149,21.26,0.6
2013,150,20.77,0.66
2013,151,20.07,0.67
2013,152,20.01,0.65
2013,153,19.94,0.64
2013,154,19.07,0.63
2013,155,19.64,0.62
2013,156,20.11,0.63
2013,157,20.1,0.62
2013,158,20.49,0.62
2013,159,20.59,0.61
2013,160,21.11,0.61
2013,161,17.46,0.65
2013,162,14.91,0.65
2013,163,13.84,0.63
2013,164,14.16,0.61
2013,165,15.12,0.6
2013,166,16.79,0.59
2013,167,18.85,0.58
2013,168,20.16,0.61
2013,169,20.72,0.62
2013,170,20.79,0.62
2013,171,21.31,0.62
2013,172,21.44,0.64
2013,173,21.56,0.64
2013,174,20.46,0.65
2013,175,20.44,0.69
2013,176,19.32,0.71
2013,177,19.65,0.7
2013,178,20.28,0.67
2013,179,19.99,0.66
2013,180,20.3,0.65
2013,181,21.12,0.64
2013,182,21.27,0.65
2013,183,20.87,0.68
2013,184,20.93,0.77
2013,185,20.76,0.78
2013,186,20.95,0.75
2013,187,21.39,0.73
2013,188,21.24,0.71
2013,189,20.63,0.71
2013,190,20.1,0.73
2013,191,20.33,0.75
2013,192,19.85,0.77
2013,193,19.65,0.76
2013,194,20.34,0.74
2013,195,20.59,0.73
2013,196,20.23,0.75
2013,197,20.51,0.79
2013,198,20.24,0.8
2013,199,20.62,0.81
2013,200,21.22,0.85
2013,201,20.57,0.83
2013,202,20.37,0.81
2013,203,20.53,0.81
2013,204,20.13,0.83
2013,205,19.64,0.82
2013,206,19.37,0.81
2013,207,20.27,0.8
2013,208,20.44,0.84
2013,209,20.49,0.88
2013,210,20.25,0.9
2013,211,20.49,0.89
2013,212,19.86,0.88
2013,213,19.11,0.87
2013,214,20.11,0.86
2013,215,20.15,0.9
2013,216,20.78,0.92
2013,217,20.36,0.9
2013,218,20.47,0.89
2013,219,20.53,0.9
2013,220,19.81,0.94
2013,221,20.26,0.96
2013,222,19.26,0.95
2013,223,19.23,0.94
2013,224,18.93,0.94
2013,225,19.54,0.93
2013,226,20.14,0.92
2013,227,20.83,0.92
2013,228,20.94,0.91
2013,229,20.65,0.91
2013,230,19.99,0.92
2013,231,20.28,0.92
2013,232,19.8,0.93
2013,233,20.73,0.94
2013,234,20.45,0.94
2013,235,20.16,0.94
2013,236,20.11,0.94
2013,237,20.62,0.94
2013,238,20.44,0.94
2013,239,20.08,0.93
2013,240,20.71,0.93
2013,241,21.71,0.92
2013,242,21.19,0.92
2013,243,20.3,0.92
2013,244,20.57,0.93
2013,245,20.08,0.94
2013,246,20.12,0.93
2013,247,20.32,0.95
2013,248,17.26,0.98
2013,249,16.77,0.98
2013,250,17.34,0.97
2013,251,18.75,0.97
2013,252,18.97,0.97
2013,253,18.74,0.96
2013,254,19.71,0.96
2013,255,19.48,0.97
2013,256,18.93,0.97
2013,257,18.79,0.96
2013,258,19.3,0.95
2013,259,19.85,0.95
2013,260,19.52,0.94
2013,261,18.91,0.94
2013,262,18.66,0.94
2013,263,18.97,0.95
2013,264,19.3,0.94
2013,265,19.48,0.93
2013,266,19.3,0.93
2013,267,19.32,0.92
2013,268,16.36,0.92
2013,269,13.83,0.93
2013,270,14.56,0.92
2013,271,16.05,0.91
2013,272,14.08,0.91
2013,273,14.91,0.9
2013,274,16.57,0.9
2013,275,16.39,0.9
2013,276,15.64,0.9
2013,277,15.91,0.89
2013,278,16.73,0.88
2013,279,15.25,0.87
2013,280,12.92,0.87
2013,281,12.49,0.86
2013,282,13.18,0.85
2013,283,14.88,0.85
2013,284,15.34,0.84
2013,285,15.08,0.83
2013,286,16.14,0.83
2013,287,17.42,0.82
2013,288,17.43,0.82
2013,289,14.12,0.82
2013,290,13.44,0.85
2013,291,12.77,0.86
2013,292,12.47,0.86
2013,293,12.6,0.85
2013,294,13.38,0.84
2013,295,13.32,0.84
2013,296,13.06,0.83
2013,297,12.48,0.83
2013,298,10.92,0.82
2013,299,10.5,0.82
2013,300,11.7,0.81
2013,301,13.32,0.81
2013,302,15.54,0.81
2013,303,16.4,0.81
2013,304,17.1,0.81
2013,305,15.77,0.81
2013,306,14.79,0.8
2013,307,13.58,0.8
2013,308,12.2,0.79
2013,309,12.86,0.79
2013,310,14.17,0.79
2013,311,15.16,0.79
2013,312,16.15,0.78
2013,313,16.24,0.78
2013,314,16.73,0.78
2013,315,14.09,0.83
2013,316,11.7,0.82
2013,317,10.39,0.8
2013,318,11.01,0.8
2013,319,10.38,0.79
2013,320,11.66,0.79
2013,321,11.31,0.79
2013,322,11.24,0.78
2013,323,10.28,0.78
2013,324,10.63,0.78
2013,325,11.85,0.78
2013,326,12.61,0.78
2013,327,14.47,0.77
2013,328,13.22,0.77
2013,329,9.63,0.78
2013,330,10.59,0.77
2013,331,10.99,0.77
2013,332,8.08,0.77
2013,333,6.6,0.77
2013,334,7.69,0.77
2013,335,8.18,0.77
2013,336,7.83,0.76
2013,337,8.23,0.76
2013,338,8.37,0.76
2013,339,9.48,0.76
2013,340,9.88,0.75
2013,341,9.26,0.75
2013,342,10.1,0.75
2013,343,10.51,0.75
2013,344,9.91,0.75
2013,345,9.36,0.75
2013,346,9.32,0.75
2013,347,9.51,0.75
2013,348,9.55,0.76
2013,349,7.99,0.77
2013,350,6.35,0.78
2013,351,5.9,0.77
2013,352,5.43,0.76
2013,353,4.89,0.76
2013,354,5.09,0.76
2013,355,5.29,0.75
2013,356,5.05,0.75
2013,357,5.63,0.75
2013,358,5.7,0.75
2013,359,5.29,0.75
2013,360,5.73,0.75
2013,361,5.28,0.75
2013,362,4.84,0.75
2013,363,4.72,0.74
2013,364,4.88,0.74
2013,365,5.94,0.74
2014,1,6.91,0.74
2014,2,8.99,0.74
2014,3,10.03,0.74
2014,4,8.13,0.74
2014,5,9.18,0.74
2014,6,12.0,0.74
2014,7,13.02,0.73
2014,8,9.78,0.73
2014,9,7.35,0.73
2014,10,8.74,0.73
2014,11,10.67,0.73
2014,12,7.93,0.73
2014,13,5.99,0.73
2014,14,5.06,0.73
2014,15,5.5,0.73
2014,16,7.21,0.73
2014,17,8.19,0.73
2014,18,6.91,0.72
2014,19,7.14,0.72
2014,20,7.34,0.72
2014,21,5.51,0.72
2014,22,4.57,0.72
2014,23,5.84,0.72
2014,24,8.29,0.72
2014,25,10.29,0.72
2014,26,10.55,0.72
2014,27,10.43,0.72
2014,28,11.17,0.72
2014,29,11.56,0.71
2014,30,11.14,0.71
2014,31,10.43,0.71
2014,32,11.76,0.71
2014,33,12.29,0.71
2014,34,12.49,0.7
2014,35,12.3,0.7
2014,36,13.62,0.7
2014,37,14.3,0.7
2014,38,13.31,0.7
2014,39,10.14,0.7
2014,40,8.8,0.7
2014,41,5.24,0.7
2014,42,4.95,0.69
2014,43,6.41,0.69
2014,44,5.25,0.69
2014,45,5.16,0.69
2014,46,7.03,0.69
2014,47,10.19,0.69
2014,48,12.7,0.69
2014,49,10.39,0.69
2014,50,5.37,0.69
2014,51,5.67,0.69
2014,52,8.09,0.69
2014,53,10.92,0.69
2014,54,11.68,0.69
2014,55,12.78,0.69
2014,56,13.34,0.69
2014,57,12.79,0.68
2014,58,12.81,0.68
2014,59,14.22,0.68
2014,60,14.54,0.68
2014,61,13.55,0.68
2014,62,12.31,0.67
2014,63,13.14,0.67
2014,64,11.0,0.67
2014,65,13.16,0.67
2014,66,14.48,0.67
2014,67,14.7,0.68
2014,68,9.99,0.68
2014,69,10.35,0.68
2014,70,12.19,0.67
2014,71,14.84,0.67
2014,72,13.78,0.67
2014,73,10.15,0.67
2014,74,10.61,0.67
2014,75,12.0,0.67
2014,76,13.2,0.67
2014,77,15.0,0.66
2014,78,15.88,0.66
2014,79,14.68,0.66
2014,80,8.7,0.67
2014,81,9.34,0.69
2014,82,11.24,0.69
2014,83,12.87,0.7
2014,84,13.8,0.69
2014,85,14.35,0.68
2014,86,14.83,0.67
2014,87,16.52,0.66
2014,88,17.2,0.66
2014,89,17.91,0.66
2014,90,17.29,0.65
2014,91,15.29,0.65
2014,92,15.37,0.65
2014,93,16.03,0.65
2014,94,14.27,0.65
2014,95,14.87,0.66
2014,96,15.62,0.66
2014,97,16.2,0.69
2014,98,16.08,0.69
2014,99,16.64,0.68
2014,100,17.54,0.67
2014,101,17.82,0.67
2014,102,18.63,0.66
2014,103,18.41,0.66
2014,104,18.14,0.65
2014,105,17.65,0.65
2014,106,18.26,0.65
2014,107,18.89,0.64
2014,108,18.77,0.64
2014,109,19.3,0.64
2014,110,18.99,0.63
2014,111,19.21,0.63
2014,112,19.34,0.63
2014,113,19.46,0.64
2014,114,20.33,0.64
2014,115,20.35,0.64
2014,116,19.51,0.64
2014,117,16.46,0.71
2014,118,14.34,0.71
2014,119,15.28,0.69
2014,120,14.27,0.69
2014,121,15.98,0.67
2014,122,16.53,0.66
2014,123,17.3,0.66
2014,124,17.84,0.66
2014,125,12.43,0.67
2014,126,12.86,0.67
2014,127,15.5,0.66
2014,128,17.53,0.66
2014,129,18.24,0.65
2014,130,18.57,0.64
2014,131,17.71,0.63
2014,132,18.69,0.63
2014,133,20.85,0.62
2014,134,20.67,0.61
2014,135,20.82,0.61
2014,136,21.63,0.61
2014,137,21.17,0.61
2014,138,20.76,0.62
2014,139,20.9,0.63
2014,140,20.8,0.66
2014,141,21.53,0.65
2014,142,21.33,0.64
2014,143,21.07,0.63
2014,144,21.44,0.63
2014,145,21.84,0.63
2014,146,20.68,0.64
2014,147,20.83,0.65
2014,148,20.24,0.66
2014,149,21.19,0.66
2014,150,21.3,0.7
2014,151,21.43,0.71
2014,152,21.57,0.69
2014,153,21.63,0.68
2014,154,21.97,0.67
2014,155,21.93,0.66
2014,156,21.61,0.67
2014,157,21.26,0.7
2014,158,20.82,0.71
2014,159,20.81,0.7
2014,160,21.1,0.69
2014,161,21.71,0.68
2014,162,19.69,0.68
2014,163,19.64,0.68
2014,164,18.39,0.7
2014,165,18.87,0.7
2014,166,20.59,0.7
2014,167,21.6,0.69
2014,168,21.88,0.69
2014,169,21.36,0.69
2014,170,20.88,0.68
2014,171,20.25,0.67
2014,172,20.28,0.67
2014,173,20.65,0.67
2014,174,19.59,0.67
2014,175,20.46,0.68
2014,176,21.1,0.68
2014,177,20.9,0.67
2014,178,21.13,0.66
2014,179,21.68,0.66
2014,180,21.31,0.67
2014,181,20.87,0.7
2014,182,20.79,0.73
2014,183,21.17,0.72
2014,184,20.91,0.71
2014,185,20.97,0.7
2014,186,21.64,0.72
2014,187,21.71,0.74
2014,188,21.32,0.74
2014,189,21.4,0.76
2014,190,21.74,0.75
2014,191,21.75,0.73
2014,192,21.69,0.73
2014,193,21.54,0.73
2014,194,21.41,0.74
2014,195,21.38,0.75
2014,196,20.88,0.75
2014,197,20.29,0.74
2014,198,20.98,0.73
2014,199,20.69,0.73
2014,200,20.96,0.76
2014,201,20.12,0.78
2014,202,20.26,0.77
2014,203,20.13,0.76
2014,204,19.54,0.74
2014,205,19.76,0.73
2014,206,21.4,0.73
2014,207,20.77,0.75
2014,208,19.35,0.76
2014,209,19.42,0.75
2014,210,19.7,0.76
2014,211,20.45,0.76
2014,212,20.89,0.76
2014,213,20.63,0.74
2014,214,21.13,0.74
2014,215,21.47,0.74
2014,216,20.75,0.75
2014,217,21.16,0.75
2014,218,21.07,0.75
2014,219,20.91,0.75
2014,220,20.54,0.75
2014,221,21.02,0.75
2014,222,20.42,0.74
2014,223,20.89,0.74
2014,224,21.17,0.74
2014,225,19.36,0.79
2014,226,17.99,0.79
2014,227,18.94,0.77
2014,228,20.2,0.76
2014,229,20.24,0.75
2014,230,20.6,0.75
2014,231,20.62,0.75
2014,232,17.83,0.75
2014,233,18.71,0.75
2014,234,19.76,0.76
2014,235,20.23,0.76
2014,236,20.86,0.76
2014,237,20.97,0.77
2014,238,19.54,0.77
2014,239,19.72,0.78
2014,240,19.78,0.79
2014,241,20.15,0.85
2014,242,19.08,0.85
2014,243,18.97,0.83
2014,244,19.66,0.83
2014,245,19.92,0.83
2014,246,19.64,0.83
2014,247,19.92,0.82
2014,248,20.02,0.81
2014,249,19.91,0.81
2014,250,18.15,0.8
2014,251,18.37,0.79
2014,252,19.87,0.79
2014,253,21.53,0.8
2014,254,21.23,0.8
2014,255,20.42,0.81
2014,256,20.29,0.8
2014,257,20.48,0.8
2014,258,20.53,0.8
2014,259,20.51,0.81
2014,260,20.73,0.89
2014,261,21.15,0.89
2014,262,20.28,0.88
2014,263,19.71,0.87
2014,264,17.1,0.87
2014,265,15.14,0.86
2014,266,14.57,0.85
2014,267,15.92,0.84
2014,268,16.54,0.84
2014,269,18.09,0.83
2014,270,19.42,0.82
2014,271,20.14,0.82
2014,272,20.0,0.82
2014,273,18.86,0.81
2014,274,18.15,0.8
2014,275,17.23,0.8
2014,276,17.36,0.79
2014,277,18.0,0.79
2014,278,16.4,0.8
2014,279,14.31,0.79
2014,280,13.63,0.79
2014,281,14.12,0.78
2014,282,15.04,0.78
2014,283,15.58,0.77
2014,284,14.12,0.77
2014,285,13.59,0.76
2014,286,13.51,0.76
2014,287,12.15,0.76
2014,288,12.38,0.76
2014,289,14.89,0.75
2014,290,16.41,0.75
2014,291,15.56,0.75
2014,292,15.14,0.75
2014,293,16.33,0.74
2014,294,16.91,0.74
2014,295,15.29,0.75
2014,296,13.98,0.74
2014,297,15.13,0.74
2014,298,16.57,0.75
2014,299,16.62,0.74
2014,300,16.92,0.74
2014,301,17.46,0.75
2014,302,18.24,0.78
2014,303,17.92,0.78
2014,304,17.54,0.77
2014,305,17.92,0.76
2014,306,13.82,0.76
2014,307,10.22,0.75
2014,308,12.05,0.75
2014,309,15.8,0.74
2014,310,16.04,0.76
2014,311,15.32,0.78
2014,312,11.44,0.78
2014,313,12.98,0.77
2014,314,14.5,0.76
2014,315,13.34,0.76
2014,316,10.79,0.76
2014,317,10.11,0.75
2014,318,9.83,0.75
2014,319,11.73,0.75
2014,320,12.19,0.75
2014,321,10.75,0.75
2014,322,9.42,0.75
2014,323,9.72,0.74
2014,324,10.64,0.74
2014,325,12.88,0.74
2014,326,14.64,0.74
2014,327,15.12,0.73
2014,328,15.07,0.73
2014,329,15.28,0.73
2014,330,16.05,0.73
2014,331,16.57,0.73
2014,332,16.84,0.72
2014,333,17.14,0.72
2014,334,15.56,0.72
2014,335,10.5,0.72
2014,336,9.43,0.72
2014,337,10.51,0.73
2014,338,7.86,0.73
2014,339,7.34,0.73
2014,340,8.99,0.72
2014,341,8.86,0.72
2014,342,7.99,0.72
2014,343,9.77,0.72
2014,344,10.36,0.72
2014,345,7.78,0.72
2014,346,5.9,0.72
2014,347,5.43,0.72
2014,348,6.45,0.71
2014,349,8.89,0.71
2014,350,6.0,0.71
2014,351,4.81,0.71
2014,352,5.24,0.71
2014,353,5.77,0.71
2014,354,6.88,0.71
2014,355,6.97,0.71
2014,356,5.47,0.7
2014,357,6.73,0.7
2014,358,7.99,0.7
2014,359,9.76,0.7
2014,360,11.05,0.7
2014,361,9.1,0.71
2014,362,7.28,0.71
2014,363,6.87,0.7
2014,364,7.56,0.7
2014,365,7.71,0.7
2015,1,7.3,0.7
2015,2,7.78,0.69
2015,3,9.11,0.69
2015,4,11.25,0.69
2015,5,13.12,0.69
2015,6,14.41,0.69
2015,7,8.99,0.69
2015,8,7.87,0.69
2015,9,7.54,0.69
2015,10,6.9,0.71
2015,11,7.34,0.73
2015,12,7.14,0.72
2015,13,6.62,0.71
2015,14,6.85,0.71
2015,15,7.41,0.7
2015,16,7.53,0.7
2015,17,7.84,0.7
2015,18,7.98,0.69
2015,19,7.53,0.69
2015,20,8.48,0.69
2015,21,9.27,0.69
2015,22,9.55,0.69
2015,23,10.76,0.69
2015,24,11.79,0.68
2015,25,12.51,0.68
2015,26,12.28,0.68
2015,27,12.34,0.68
2015,28,12.64,0.68
2015,29,12.97,0.67
2015,30,9.82,0.67
2015,31,7.61,0.67
2015,32,7.47,0.67
2015,33,8.6,0.67
2015,34,10.38,0.67
2015,35,8.02,0.67
2015,36,6.5,0.67
2015,37,5.97,0.67
2015,38,7.8,0.67
2015,39,6.93,0.67
2015,40,7.88,0.67
2015,41,9.41,0.67
2015,42,9.85,0.67
2015,43,9.01,0.66
2015,44,11.11,0.66
2015,45,12.65,0.69
2015,46,13.14,0.69
2015,47,12.81,0.68
2015,48,12.46,0.67
2015,49,12.95,0.67
2015,50,13.48,0.67
2015,51,14.02,0.66
2015,52,13.48,0.66
2015,53,13.74,0.65
2015,54,13.87,0.65
2015,55,12.89,0.65
2015,56,11.78,0.64
2015,57,13.53,0.64
2015,58,14.77,0.64
2015,59,15.21,0.63
2015,60,10.09,0.63
2015,61,12.29,0.63
2015,62,12.14,0.63
2015,63,11.41,0.63
2015,64,14.56,0.63
2015,65,13.65,0.63
2015,66,11.64,0.64
2015,67,14.34,0.64
2015,68,14.52,0.64
2015,69,14.32,0.64
2015,70,13.19,0.65
2015,71,10.0,0.65
2015,72,12.87,0.64
2015,73,15.84,0.64
2015,74,15.95,0.64
2015,75,16.19,0.63
2015,76,14.97,0.63
2015,77,15.68,0.62
2015,78,17.24,0.62
2015,79,17.01,0.62
2015,80,14.95,0.61
2015,81,14.31,0.61
2015,82,14.69,0.61
2015,83,13.85,0.63
2015,84,11.91,0.64
2015,85,13.03,0.64
2015,86,13.61,0.64
2015,87,14.08,0.63
2015,88,15.44,0.63
2015,89,16.53,0.62
2015,90,16.88,0.62
2015,91,17.25,0.61
2015,92,15.29,0.6
2015,93,15.19,0.6
2015,94,15.65,0.59
2015,95,17.77,0.59
2015,96,18.02,0.58
2015,97,15.44,0.59
2015,98,9.81,0.59
2015,99,12.09,0.59
2015,100,10.79,0.6
2015,101,11.29,0.6
2015,102,10.7,0.6
2015,103,10.1,0.59
2015,104,9.83,0.58
2015,105,12.02,0.58
2015,106,14.52,0.57
2015,107,16.11,0.57
2015,108,17.78,0.56
2015,109,17.88,0.55
2015,110,16.8,0.55
2015,111,14.13,0.55
2015,112,13.23,0.56
2015,113,13.3,0.57
2015,114,15.12,0.57
2015,115,15.06,0.57
2015,116,15.26,0.56
2015,117,16.4,0.55
2015,118,17.48,0.55
2015,119,18.38,0.55
2015,120,18.82,0.55
2015,121,17.9,0.54
2015,122,18.72,0.54
2015,123,19.77,0.53
2015,124,20.3,0.53
2015,125,20.43,0.53
2015,126,19.99,0.53
2015,127,20.37,0.52
2015,128,20.19,0.52
2015,129,19.89,0.54
2015,130,19.54,0.55
2015,131,20.3,0.55
2015,132,16.24,0.58
2015,133,19.96,0.58
2015,134,20.54,0.57
2015,135,20.77,0.56
2015,136,20.56,0.57
2015,137,20.27,0.58
2015,138,20.96,0.57
2015,139,20.95,0.56
2015,140,20.73,0.55
2015,141,20.97,0.56
2015,142,21.55,0.58
2015,143,21.04,0.59
2015,144,20.22,0.61
2015,145,21.34,0.6
2015,146,21.61,0.59
2015,147,20.79,0.58
2015,148,20.88,0.57
2015,149,20.54,0.56
2015,150,21.91,0.55
2015,151,21.82,0.55
2015,152,21.36,0.55
2015,153,21.35,0.56
2015,154,21.11,0.56
2015,155,20.14,0.55
2015,156,20.62,0.57
2015,157,20.7,0.58
2015,158,20.95,0.58
2015,159,19.97,0.58
2015,160,20.3,0.58
2015,161,20.33,0.57
2015,162,20.26,0.57
2015,163,20.35,0.59
2015,164,20.63,0.59
2015,165,20.49,0.59
2015,166,21.14,0.6
2015,167,20.47,0.59
2015,168,20.65,0.58
2015,169,21.06,0.57
2015,170,21.34,0.58
2015,171,20.47,0.58
2015,172,20.4,0.57
2015,173,20.94,0.57
2015,174,21.31,0.57
2015,175,21.51,0.61
2015,176,20.9,0.66
2015,177,21.22,0.64
2015,178,20.7,0.61
2015,179,20.9,0.6
2015,180,20.37,0.58
2015,181,19.62,0.57
2015,182,19.74,0.55
2015,183,20.12,0.54
2015,184,20.54,0.53
2015,185,22.2,0.54
2015,186,18.32,0.55
2015,187,17.55,0.55
2015,188,16.64,0.55
2015,189,16.25,0.54
2015,190,16.42,0.53
2015,191,17.38,0.52
2015,192,18.28,0.52
2015,193,18.83,0.52
2015,194,19.61,0.51
2015,195,19.02,0.51
2015,196,21.51,0.51
2015,197,21.54,0.53
2015,198,20.79,0.57
2015,199,20.64,0.58
2015,200,20.97,0.6
2015,201,20.54,0.6
2015,202,20.81,0.6
2015,203,19.9,0.59
2015,204,20.16,0.58
2015,205,19.8,0.58
2015,206,19.69,0.59
2015,207,19.94,0.63
2015,208,19.2,0.62
2015,209,19.21,0.61
2015,210,19.35,0.61
2015,211,19.05,0.62
2015,212,19.41,0.63
2015,213,19.52,0.68
2015,214,19.02,0.77
2015,215,19.05,0.79
2015,216,19.2,0.8
2015,217,19.74,0.8
2015,218,19.75,0.78
2015,219,18.89,0.73
2015,220,19.56,0.7
2015,221,20.04,0.68
2015,222,20.64,0.67
2015,223,20.6,0.66
2015,224,20.34,0.66
2015,225,20.9,0.66
2015,226,20.78,0.66
2015,227,21.02,0.66
2015,228,20.5,0.66
2015,229,20.7,0.65
2015,230,20.76,0.64
2015,231,21.17,0.64
2015,232,19.02,0.66
2015,233,19.36,0.65
2015,234,20.04,0.64
2015,235,20.08,0.63
2015,236,20.05,0.62
2015,237,20.4,0.63
2015,238,21.26,0.63
2015,239,20.86,0.64
2015,240,20.88,0.64
2015,241,21.16,0.65
2015,242,18.78,0.67
2015,243,18.67,0.66
2015,244,19.37,0.65
2015,245,20.02,0.65
2015,246,19.93,0.72
2015,247,20.46,0.72
2015,248,20.64,0.72
2015,249,20.62,0.7
2015,250,20.69,0.69
2015,251,21.12,0.73
2015,252,20.84,0.75
2015,253,19.72,0.72
2015,254,18.5,0.71
2015,255,17.78,0.69
2015,256,15.04,0.69
2015,257,16.26,0.68
2015,258,17.53,0.67
2015,259,18.88,0.68
2015,260,19.73,0.71
2015,261,20.32,0.76
2015,262,20.09,0.74
2015,263,20.11,0.72
2015,264,20.64,0.73
2015,265,20.03,0.76
2015,266,20.89,0.76
2015,267,21.3,0.74
2015,268,21.62,0.73
2015,269,21.19,0.72
2015,270,20.31,0.72
2015,271,19.99,0.71
2015,272,20.24,0.7
2015,273,20.1,0.71
2015,274,19.37,0.71
2015,275,16.88,0.71
2015,276,17.6,0.71
2015,277,17.65,0.71
2015,278,16.15,0.7
2015,279,15.89,0.7
2015,280,18.07,0.69
2015,281,18.65,0.7
2015,282,16.39,0.72
2015,283,12.86,0.74
2015,284,11.79,0.73
2015,285,11.27,0.72
2015,286,12.06,0.71
2015,287,12.86,0.7
2015,288,14.73,0.7
2015,289,15.53,0.69
2015,290,16.03,0.69
2015,291,15.53,0.68
2015,292,15.0,0.68
2015,293,15.76,0.68
2015,294,16.55,0.68
2015,295,15.5,0.67
2015,296,15.4,0.67
2015,297,15.07,0.67
2015,298,15.78,0.66
2015,299,16.49,0.66
2015,300,16.87,0.66
2015,301,17.03,0.66
2015,302,17.58,0.65
2015,303,17.6,0.65
2015,304,14.56,0.65
2015,305,10.51,0.65
2015,306,10.21,0.65
2015,307,12.5,0.65
2015,308,15.64,0.65
2015,309,16.84,0.65
2015,310,17.47,0.65
2015,311,17.3,0.65
2015,312,17.9,0.67
2015,313,18.2,0.69
2015,314,17.0,0.7
2015,315,17.58,0.7
2015,316,17.92,0.69
2015,317,12.58,0.75
2015,318,13.79,0.73
2015,319,17.47,0.73
2015,320,18.7,0.72
2015,321,17.28,0.7
2015,322,18.29,0.69
2015,323,17.77,0.69
2015,324,17.6,0.69
2015,325,16.51,0.69
2015,326,16.19,0.69
2015,327,16.37,0.69
2015,328,16.5,0.69
2015,329,11.19,0.7
2015,330,7.79,0.7
2015,331,9.04,0.69
2015,332,11.52,0.69
2015,333,12.81,0.69
2015,334,13.13,0.68
2015,335,15.73,0.68
2015,336,15.48,0.68
2015,337,10.03,0.68
2015,338,9.88,0.69
2015,339,8.83,0.71
2015,340,7.41,0.7
2015,341,7.72,0.69
2015,342,8.44,0.69
2015,343,9.79,0.69
2015,344,10.72,0.69
2015,345,11.67,0.68
2015,346,14.22,0.68
2015,347,15.17,0.68
2015,348,10.07,0.68
2015,349,8.71,0.68
2015,350,6.66,0.68
2015,351,5.93,0.68
2015,352,6.55,0.67
2015,353,7.54,0.67
2015,354,8.82,0.67
2015,355,10.24,0.67
2015,356,11.62,0.67
2015,357,13.91,0.67
2015,358,14.58,0.66
2015,359,7.82,0.67
2015,360,8.5,0.67
2015,361,9.16,0.67
2015,362,9.68,0.67
2015,363,8.8,0.68
2015,364,8.1,0.68
2015,365,7.8,0.68
2016,1,8.62,0.68
2016,2,10.59,0.67
2016,3,11.73,0.67
2016,4,12.31,0.67
2016,5,12.6,0.66
2016,6,13.38,0.66
2016,7,13.08,0.66
2016,8,11.77,0.66
2016,9,14.41,0.66
2016,10,14.92,0.67
2016,11,10.29,0.66
2016,12,9.11,0.66
2016,13,10.04,0.66
2016,14,11.05,0.66
2016,15,9.15,0.67
2016,16,10.99,0.66
2016,17,10.46,0.66
2016,18,8.3,0.66
2016,19,9.15,0.66
2016,20,10.9,0.65
2016,21,11.67,0.65
2016,22,9.1,0.65
2016,23,4.49,0.66
2016,24,3.91,0.66
2016,25,3.86,0.66
2016,26,4.84,0.68
2016,27,6.46,0.73
2016,28,8.4,0.75
2016,29,9.83,0.74
2016,30,8.87,0.72
2016,31,10.29,0.71
2016,32,6.32,0.7
2016,33,5.28,0.69
2016,34,6.26,0.69
2016,35,7.24,0.69
2016,36,6.7,0.68
2016,37,5.44,0.68
2016,38,5.06,0.68
2016,39,5.46,0.67
2016,40,7.18,0.67
2016,41,9.65,0.67
2016,42,10.56,0.67
2016,43,9.86,0.66
2016,44,10.37,0.66
2016,45,9.47,0.66
2016,46,5.59,0.65
2016,47,5.86,0.65
2016,48,6.59,0.65
2016,49,7.82,0.65
2016,50,8.83,0.65
2016,51,7.24,0.65
2016,52,8.34,0.65
2016,53,11.25,0.65
2016,54,8.93,0.65
2016,55,6.92,0.66
2016,56,6.97,0.66
2016,57,6.91,0.66
2016,58,7.26,0.65
2016,59,7.81,0.65
2016,60,7.67,0.65
2016,61,7.47,0.64
2016,62,10.01,0.64
2016,63,11.74,0.64
2016,64,12.55,0.64
2016,65,13.03,0.63
2016,66,13.23,0.63
2016,67,14.1,0.63
2016,68,15.14,0.63
2016,69,15.56,0.63
2016,70,7.67,0.62
2016,71,6.38,0.62
2016,72,9.06,0.62
2016,73,11.01,0.62
2016,74,8.64,0.62
2016,75,10.52,0.62
2016,76,12.61,0.62
2016,77,14.73,0.61
2016,78,15.43,0.61
2016,79,15.63,0.61
2016,80,16.33,0.61
2016,81,16.25,0.6
2016,82,16.5,0.6
2016,83,16.2,0.6
2016,84,9.88,0.62
2016,85,8.59,0.63
2016,86,9.33,0.62
2016,87,9.24,0.62
2016,88,9.61,0.61
2016,89,11.63,0.61
2016,90,13.04,0.61
2016,91,13.65,0.6
2016,92,14.83,0.6
2016,93,16.21,0.61
2016,94,16.72,0.61
2016,95,16.82,0.6
2016,96,17.11,0.6
2016,97,17.15,0.6
2016,98,17.03,0.59
2016,99,17.33,0.59
2016,100,17.72,0.6
2016,101,17.88,0.6
2016,102,17.52,0.59
2016,103,17.71,0.59
2016,104,18.46,0.58
2016,105,19.03,0.58
2016,106,19.24,0.58
2016,107,18.0,0.57
2016,108,18.58,0.57
2016,109,12.35,0.58
2016,110,15.22,0.58
2016,111,17.85,0.6
2016,112,17.88,0.62
2016,113,18.45,0.66
2016,114,18.29,0.67
2016,115,18.72,0.67
2016,116,18.38,0.66
2016,117,18.63,0.64
2016,118,19.13,0.63
2016,119,17.7,0.62
2016,120,17.96,0.62
2016,121,18.54,0.62
2016,122,18.92,0.61
2016,123,19.12,0.61
2016,124,19.72,0.6
2016,125,19.37,0.59
2016,126,18.86,0.58
2016,127,19.36,0.57
2016,128,19.65,0.56
2016,129,20.62,0.56
2016,130,20.59,0.55
2016,131,17.34,0.56
2016,132,16.33,0.56
2016,133,19.1,0.56
2016,134,19.8,0.57
2016,135,18.74,0.58
2016,136,16.07,0.58
2016,137,12.18,0.57
2016,138,13.9,0.56
2016,139,17.51,0.56
2016,140,20.0,0.55
2016,141,20.0,0.55
2016,142,17.4,0.56
2016,143,17.14,0.56
2016,144,18.5,0.56
2016,145,19.82,0.57
2016,146,20.9,0.61
2016,147,21.5,0.63
2016,148,21.52,0.63
2016,149,21.07,0.63
2016,150,21.05,0.62
2016,151,21.18,0.64
2016,152,20.59,0.64
2016,153,20.82,0.62
2016,154,20.2,0.6
2016,155,20.29,0.59
2016,156,20.12,0.59
2016,157,21.26,0.59
2016,158,20.52,0.59
2016,159,20.46,0.59
2016,160,20.7,0.6
2016,161,20.84,0.62
2016,162,20.55,0.61
2016,163,21.05,0.6
2016,164,20.75,0.59
2016,165,20.55,0.58
2016,166,21.04,0.57
2016,167,21.12,0.57
2016,168,18.9,0.6
2016,169,18.91,0.6
2016,170,20.32,0.62
2016,171,20.94,0.64
2016,172,20.96,0.63
2016,173,21.19,0.62
2016,174,20.48,0.61
2016,175,20.03,0.6
2016,176,20.73,0.6
2016,177,21.0,0.6
2016,178,20.66,0.59
2016,179,21.34,0.59
2016,180,20.76,0.59
2016,181,21.5,0.6
2016,182,20.89,0.63
2016,183,21.4,0.64
2016,184,21.28,0.69
2016,185,20.17,0.7
2016,186,19.89,0.68
2016,187,20.46,0.68
2016,188,20.54,0.72
2016,189,20.38,0.72
2016,190,20.18,0.69
2016,191,21.34,0.67
2016,192,21.67,0.65
2016,193,22.0,0.65
2016,194,21.98,0.65
2016,195,21.94,0.65
2016,196,21.44,0.65
2016,197,20.83,0.65
2016,198,21.31,0.65
2016,199,20.78,0.64
2016,200,21.24,0.64
2016,201,21.14,0.64
2016,202,20.87,0.63
2016,203,20.74,0.64
2016,204,20.13,0.64
2016,205,20.0,0.64
2016,206,19.2,0.65
2016,207,20.28,0.64
2016,208,19.63,0.63
2016,209,20.28,0.63
2016,210,19.52,0.75
2016,211,20.17,0.77
2016,212,19.71,0.74
2016,213,19.93,0.71
2016,214,19.91,0.69
2016,215,20.66,0.68
2016,216,21.02,0.71
2016,217,20.73,0.73
2016,218,20.63,0.73
2016,219,20.36,0.71
2016,220,21.01,0.7
2016,221,21.38,0.69
2016,222,20.53,0.68
2016,223,21.19,0.68
2016,224,21.28,0.69
2016,225,20.95,0.72
2016,226,20.78,0.72
2016,227,20.73,0.79
2016,228,20.59,0.79
2016,229,20.43,0.78
2016,230,21.06,0.78
2016,231,21.72,0.78
2016,232,21.17,0.82
2016,233,20.39,0.84
2016,234,20.72,0.81
2016,235,20.8,0.79
2016,236,20.57,0.8
2016,237,19.97,0.79
2016,238,20.49,0.77
2016,239,20.7,0.76
2016,240,21.96,0.76
2016,241,18.53,0.77
2016,242,17.36,0.77
2016,243,19.54,0.76
2016,244,20.86,0.76
2016,245,20.98,0.76
2016,246,19.56,0.78
2016,247,19.88,0.78
2016,248,20.01,0.77
2016,249,20.45,0.77
2016,250,20.9,0.78
2016,251,20.39,0.8
2016,252,20.39,0.8
2016,253,21.03,0.79
2016,254,20.05,0.8
2016,255,17.7,0.82
2016,256,18.64,0.81
2016,257,19.33,0.8
2016,258,19.96,0.8
2016,259,20.02,0.79
2016,260,18.86,0.78
2016,261,18.86,0.78
2016,262,18.84,0.77
2016,263,18.53,0.77
2016,264,17.05,0.76
2016,265,16.3,0.76
2016,266,16.84,0.76
2016,267,18.18,0.75
2016,268,19.04,0.78
2016,269,19.17,0.79
2016,270,19.36,0.78
2016,271,19.77,0.77
2016,272,19.18,0.76
2016,273,18.54,0.76
2016,274,16.5,0.75
2016,275,16.03,0.75
2016,276,16.06,0.74
2016,277,17.03,0.74
2016,278,18.2,0.73
2016,279,19.23,0.73
2016,280,15.89,0.73
2016,281,15.23,0.73
2016,282,16.7,0.72
2016,283,16.79,0.72
2016,284,16.99,0.72
2016,285,16.27,0.71
2016,286,15.19,0.71
2016,287,14.8,0.71
2016,288,15.36,0.71
2016,289,17.24,0.73
2016,290,17.39,0.73
2016,291,16.41,0.72
2016,292,15.67,0.72
2016,293,16.45,0.72
2016,294,16.68,0.71
2016,295,17.97,0.71
2016,296,18.6,0.7
2016,297,18.7,0.7
2016,298,18.83,0.71
2016,299,18.91,0.72
2016,300,19.36,0.73
2016,301,18.41,0.72
2016,302,18.11,0.71
2016,303,16.35,0.71
2016,304,11.65,0.71
2016,305,14.2,0.71
2016,306,11.94,0.71
2016,307,11.47,0.71
2016,308,10.99,0.7
2016,309,11.72,0.7
2016,310,13.72,0.7
2016,311,15.91,0.69
2016,312,17.44,0.69
2016,313,12.55,0.7
2016,314,9.17,0.71
2016,315,8.21,0.72
2016,316,10.03,0.71
2016,317,13.8,0.71
2016,318,17.04,0.7
2016,319,17.82,0.7
2016,320,17.37,0.69
2016,321,16.15,0.69
2016,322,15.61,0.69
2016,323,15.2,0.68
2016,324,15.93,0.68
2016,325,16.45,0.68
2016,326,16.73,0.68
2016,327,16.79,0.68
2016,328,12.19,0.68
2016,329,7.78,0.68
2016,330,9.28,0.68
2016,331,8.5,0.68
2016,332,7.58,0.67
2016,333,7.8,0.67
2016,334,9.12,0.67
2016,335,8.42,0.67
2016,336,7.94,0.67
2016,337,8.7,0.66
2016,338,10.34,0.66
2016,339,11.22,0.66
2016,340,11.83,0.66
2016,341,9.33,0.66
2016,342,7.94,0.66
2016,343,8.11,0.66
2016,344,9.3,0.65
2016,345,10.01,0.65
2016,346,10.93,0.65
2016,347,12.78,0.65
2016,348,14.33,0.65
2016,349,10.29,0.65
2016,350,8.07,0.65
2016,351,6.41,0.65
2016,352,7.0,0.65
2016,353,10.62,0.65
2016,354,13.14,0.65
2016,355,14.46,0.64
2016,356,14.82,0.64
2016,357,10.29,0.64
2016,358,9.96,0.64
2016,359,12.71,0.64
2016,360,14.29,0.63
2016,361,13.14,0.63
2016,362,7.24,0.63
2016,363,5.91,0.63
2016,364,6.14,0.63
2016,365,6.34,0.63
2016,366,8.06,0.63
2017,1,10.18,0.63
2017,2,11.85,0.63
2017,3,12.71,0.63
2017,4,12.37,0.63
2017,5,12.66,0.63
2017,6,12.78,0.63
2017,7,12.94,0.63
2017,8,13.57,0.62
2017,9,12.88,0.62
2017,10,13.94,0.63
2017,11,13.66,0.68
2017,12,7.61,0.73
2017,13,7.17,0.73
2017,14,8.42,0.71
2017,15,9.25,0.69
2017,16,8.95,0.68
2017,17,9.89,0.67
2017,18,10.69,0.67
2017,19,11.92,0.66
2017,20,8.12,0.66
2017,21,8.14,0.66
2017,22,7.4,0.65
2017,23,7.72,0.65
2017,24,9.22,0.65
2017,25,10.21,0.65
2017,26,10.47,0.64
2017,27,10.71,0.64
2017,28,10.98,0.64
2017,29,12.03,0.64
2017,30,11.55,0.64
2017,31,10.88,0.63
2017,32,11.93,0.63
2017,33,11.21,0.63
2017,34,11.88,0.63
2017,35,12.49,0.65
2017,36,11.68,0.65
2017,37,11.56,0.64
2017,38,12.66,0.64
2017,39,11.43,0.63
2017,40,6.66,0.63
2017,41,6.14,0.63
2017,42,5.66,0.62
2017,43,6.14,0.62
2017,44,7.38,0.62
2017,45,9.53,0.62
2017,46,10.64,0.62
2017,47,11.71,0.62
2017,48,12.01,0.61
2017,49,11.4,0.61
2017,50,11.27,0.61
2017,51,13.3,0.6
2017,52,14.62,0.6
2017,53,15.01,0.6
2017,54,10.08,0.6
2017,55,7.41,0.6
2017,56,7.42,0.6
2017,57,7.61,0.6
2017,58,8.58,0.6
2017,59,9.99,0.6
2017,60,9.71,0.6
2017,61,8.9,0.59
2017,62,10.74,0.59
2017,63,13.37,0.59
2017,64,14.21,0.59
2017,65,11.91,0.58
2017,66,12.09,0.58
2017,67,10.52,0.58
2017,68,11.55,0.59
2017,69,14.31,0.59
2017,70,15.48,0.59
2017,71,15.93,0.58
2017,72,16.26,0.58
2017,73,13.03,0.58
2017,74,14.22,0.57
2017,75,15.65,0.58
2017,76,15.28,0.58
2017,77,16.21,0.6
2017,78,16.61,0.62
2017,79,16.77,0.61
2017,80,16.41,0.62
2017,81,15.92,0.61
2017,82,16.85,0.6
2017,83,16.63,0.6
2017,84,11.96,0.59
2017,85,8.96,0.59
2017,86,9.77,0.59
2017,87,11.97,0.59
2017,88,14.55,0.58
2017,89,16.13,0.58
2017,90,12.51,0.6
2017,91,9.43,0.6
2017,92,10.14,0.59
2017,93,11.79,0.59
2017,94,13.83,0.58
2017,95,15.2,0.57
2017,96,16.2,0.57
2017,97,17.35,0.56
2017,98,18.45,0.56
2017,99,18.62,0.55
2017,100,19.52,0.55
2017,101,18.59,0.54
2017,102,12.59,0.55
2017,103,12.27,0.55
2017,104,13.72,0.55
2017,105,16.31,0.55
2017,106,18.03,0.55
2017,107,17.93,0.56
2017,108,16.63,0.59
2017,109,17.19,0.58
2017,110,17.07,0.57
2017,111,16.71,0.57
2017,112,11.19,0.61
2017,113,13.34,0.61
2017,114,14.93,0.6
2017,115,17.1,0.59
2017,116,17.83,0.58
2017,117,13.81,0.59
2017,118,11.93,0.58
2017,119,13.59,0.58
2017,120,16.78,0.57
2017,121,18.21,0.56
2017,122,18.9,0.55
2017,123,19.5,0.54
2017,124,16.62,0.54
2017,125,16.72,0.53
2017,126,18.01,0.53
2017,127,17.82,0.53
2017,128,18.53,0.53
2017,129,18.4,0.54
2017,130,17.98,0.54
2017,131,18.05,0.54
2017,132,18.74,0.57
2017,133,17.65,0.59
2017,134,17.98,0.58
2017,135,17.79,0.6
2017,136,14.35,0.6
2017,137,14.51,0.59
2017,138,14.67,0.59
2017,139,16.34,0.61
2017,140,18.15,0.61
2017,141,20.49,0.59
2017,142,21.46,0.58
2017,143,22.3,0.58
2017,144,17.76,0.59
2017,145,13.41,0.59
2017,146,12.52,0.58
2017,147,12.74,0.57
2017,148,13.8,0.55
2017,149,15.73,0.54
2017,150,18.02,0.54
2017,151,19.92,0.54
2017,152,20.49,0.53
2017,153,20.36,0.53
2017,154,19.55,0.52
2017,155,19.86,0.51
2017,156,19.78,0.51
2017,157,21.87,0.53
2017,158,18.5,0.6
2017,159,19.41,0.6
2017,160,20.16,0.61
2017,161,20.86,0.61
2017,162,21.09,0.62
2017,163,21.22,0.62
2017,164,21.03,0.63
2017,165,21.41,0.62
2017,166,21.1,0.61
2017,167,20.45,0.6
2017,168,18.86,0.6
2017,169,20.72,0.6
2017,170,20.85,0.6
2017,171,20.65,0.59
2017,172,20.21,0.59
2017,173,21.23,0.59
2017,174,21.86,0.64
2017,175,21.94,0.67
2017,176,21.04,0.66
2017,177,21.25,0.67
2017,178,21.33,0.67
2017,179,21.61,0.71
2017,180,20.5,0.74
2017,181,20.51,0.72
2017,182,20.82,0.7
2017,183,20.68,0.68
2017,184,20.14,0.68
2017,185,20.59,0.68
2017,186,20.9,0.69
2017,187,20.6,0.68
2017,188,21.39,0.68
2017,189,20.8,0.7
2017,190,20.87,0.7
2017,191,20.51,0.69
2017,192,20.82,0.73
2017,193,20.82,0.76
2017,194,19.99,0.76
2017,195,19.91,0.77
2017,196,20.28,0.76
2017,197,20.55,0.75
2017,198,20.79,0.79
2017,199,20.3,0.82
2017,200,20.69,0.81
2017,201,20.57,0.8
2017,202,20.16,0.84
2017,203,19.52,0.81
2017,204,19.8,0.79
2017,205,20.46,0.77
2017,206,20.58,0.78
2017,207,20.63,0.79
2017,208,19.81,0.78
2017,209,20.04,0.77
2017,210,20.58,0.76
2017,211,21.06,0.76
2017,212,22.29,0.76
2017,213,21.69,0.77
2017,214,21.64,0.78
2017,215,21.83,0.79
2017,216,21.42,0.81
2017,217,21.16,0.81
2017,218,21.04,0.81
2017,219,20.99,0.8
2017,220,21.3,0.79
2017,221,21.48,0.79
2017,222,21.12,0.79
2017,223,21.27,0.79
2017,224,21.28,0.78
2017,225,21.36,0.78
2017,226,21.17,0.78
2017,227,20.71,0.82
2017,228,19.9,0.86
2017,229,19.18,0.88
2017,230,19.35,0.89
2017,231,19.08,0.87
2017,232,19.62,0.86
2017,233,20.45,0.85
2017,234,21.41,0.84
2017,235,21.79,0.84
2017,236,21.03,0.86
2017,237,21.3,0.86
2017,238,20.19,0.88
2017,239,18.93,0.87
2017,240,19.09,0.86
2017,241,19.83,0.87
2017,242,20.38,0.9
2017,243,20.17,0.89
2017,244,20.78,0.88
2017,245,21.23,0.88
2017,246,22.14,0.87
2017,247,21.41,0.88
2017,248,21.31,0.89
2017,249,21.25,0.88
2017,250,20.64,0.89
2017,251,20.22,0.88
2017,252,20.58,0.88
2017,253,20.6,0.89
2017,254,20.3,0.9
2017,255,19.56,0.89
2017,256,20.24,0.89
2017,257,20.6,0.89
2017,258,19.4,0.9
2017,259,20.88,0.93
2017,260,20.12,0.92
2017,261,20.52,0.91
2017,262,21.33,0.9
2017,263,21.38,0.9
2017,264,19.81,0.91
2017,265,19.79,0.91
2017,266,20.06,0.91
2017,267,20.03,0.9
2017,268,20.45,0.91
2017,269,20.58,0.92
2017,270,20.34,0.92
2017,271,19.74,0.91
2017,272,19.74,0.9
2017,273,20.07,0.91
2017,274,19.74,0.91
2017,275,19.96,0.91
2017,276,20.39,0.91
2017,277,20.26,0.91
2017,278,19.37,0.91
2017,279,18.91,0.91
2017,280,19.23,0.92
2017,281,19.48,0.93
2017,282,20.34,0.93
2017,283,20.06,0.96
2017,284,20.24,0.98
2017,285,19.98,0.98
2017,286,15.02,0.98
2017,287,15.25,0.97
2017,288,14.08,0.96
2017,289,12.49,0.96
2017,290,12.11,0.96
2017,291,13.24,0.95
2017,292,14.72,0.95
2017,293,15.46,0.94
2017,294,14.81,0.93
2017,295,13.5,0.93
2017,296,12.96,0.92
2017,297,12.06,0.91
2017,298,13.65,0.91
2017,299,15.47,0.9
2017,300,15.19,0.9
2017,301,15.43,0.89
2017,302,13.51,0.89
2017,303,10.42,0.88
2017,304,10.17,0.88
2017,305,11.0,0.87
2017,306,12.04,0.86
2017,307,12.47,0.86
2017,308,11.42,0.85
2017,309,10.55,0.85
2017,310,11.19,0.85
2017,311,12.81,0.84
2017,312,13.69,0.84
2017,313,14.8,0.84
2017,314,15.68,0.84
2017,315,15.73,0.83
2017,316,16.01,0.83
2017,317,16.32,0.82
2017,318,16.8,0.82
2017,319,16.1,0.82
2017,320,17.58,0.81
2017,321,19.07,0.81
2017,322,14.62,0.81
2017,323,10.29,0.81
2017,324,9.42,0.8
2017,325,8.94,0.8
2017,326,8.94,0.8
2017,327,7.36,0.8
2017,328,7.33,0.8
2017,329,7.73,0.8
2017,330,8.09,0.79
2017,331,9.22,0.79
2017,332,11.84,0.79
2017,333,13.84,0.79
2017,334,14.3,0.78
2017,335,9.67,0.78
2017,336,10.17,0.78
2017,337,11.01,0.78
2017,338,10.21,0.78
2017,339,8.9,0.77
2017,340,10.5,0.77
2017,341,12.69,0.77
2017,342,8.86,0.77
2017,343,7.59,0.77
2017,344,9.75,0.77
2017,345,9.38,0.76
2017,346,9.97,0.76
2017,347,11.17,0.76
2017,348,10.39,0.76
2017,349,9.23,0.76
2017,350,6.9,0.76
2017,351,5.21,0.76
2017,352,4.92,0.76
2017,353,5.41,0.76
2017,354,4.8,0.75
2017,355,5.66,0.75
2017,356,7.72,0.75
2017,357,10.03,0.75
2017,358,8.69,0.75
2017,359,6.82,0.75
2017,360,7.51,0.75
2017,361,8.65,0.76
2017,362,9.43,0.78
2017,363,11.11,0.77
2017,364,10.14,0.76
2017,365,8.21,0.76
2018,1,9.52,0.76
2018,2,11.32,0.75
2018,3,12.04,0.75
2018,4,13.44,0.75
2018,5,13.45,0.75
2018,6,13.34,0.75
2018,7,14.69,0.75
2018,8,9.23,0.76
2018,9,5.36,0.75
2018,10,5.5,0.75
2018,11,5.35,0.75
2018,12,5.24,0.75
2018,13,6.6,0.74
2018,14,8.09,0.74
2018,15,9.78,0.74
2018,16,11.48,0.74
2018,17,11.79,0.74
2018,18,11.98,0.74
2018,19,11.11,0.74
2018,20,11.97,0.73
2018,21,13.05,0.73
2018,22,12.91,0.73
2018,23,12.65,0.73
2018,24,13.49,0.73
2018,25,14.1,0.73
2018,26,12.45,0.73
2018,27,10.63,0.73
2018,28,8.69,0.74
2018,29,5.09,0.74
2018,30,5.46,0.73
2018,31,5.43,0.73
2018,32,5.07,0.73
2018,33,5.53,0.73
2018,34,4.67,0.72
2018,35,4.59,0.72
2018,36,4.4,0.72
2018,37,4.39,0.72
2018,38,5.18,0.72
2018,39,5.64,0.72
2018,40,8.52,0.72
2018,41,10.36,0.71
2018,42,7.6,0.71
2018,43,7.11,0.71
2018,44,7.89,0.71
2018,45,10.9,0.71
2018,46,13.09,0.71
2018,47,13.02,0.71
2018,48,12.54,0.7
2018,49,13.36,0.7
2018,50,14.43,0.7
2018,51,14.97,0.7
2018,52,14.44,0.7
2018,53,10.7,0.71
2018,54,8.34,0.71
2018,55,10.76,0.71
2018,56,12.28,0.7
2018,57,11.87,0.7
2018,58,12.94,0.7
2018,59,14.03,0.7
2018,60,14.56,0.7
2018,61,14.83,0.69
2018,62,14.95,0.69
2018,63,14.23,0.69
2018,64,14.34,0.68
2018,65,15.89,0.68
2018,66,16.1,0.68
2018,67,8.44,0.68
2018,68,7.01,0.68
2018,69,7.46,0.68
2018,70,10.08,0.67
2018,71,11.63,0.67
2018,72,12.62,0.67
2018,73,13.6,0.67
2018,74,14.1,0.67
2018,75,14.68,0.67
2018,76,15.55,0.66
2018,77,16.52,0.69
2018,78,16.0,0.7
2018,79,10.62,0.69
2018,80,8.69,0.68
2018,81,9.16,0.68
2018,82,10.46,0.67
2018,83,12.33,0.67
2018,84,13.34,0.67
2018,85,13.25,0.66
2018,86,12.83,0.66
2018,87,13.85,0.66
2018,88,14.93,0.66
2018,89,15.02,0.65
2018,90,14.87,0.65
2018,91,14.54,0.65
2018,92,14.28,0.64
2018,93,14.63,0.64
2018,94,14.95,0.64
2018,95,15.75,0.64
2018,96,10.57,0.65
2018,97,7.12,0.66
2018,98,8.23,0.66
2018,99,11.04,0.65
2018,100,14.09,0.64
2018,101,16.58,0.64
2018,102,17.95,0.63
2018,103,18.83,0.63
2018,104,17.47,0.63
2018,105,11.34,0.65
2018,106,11.37,0.67
2018,107,12.12,0.66
2018,108,13.19,0.65
2018,109,14.63,0.65
2018,110,16.59,0.64
2018,111,17.69,0.63
2018,112,18.42,0.62
2018,113,19.01,0.62
2018,114,19.43,0.61
2018,115,17.38,0.65
2018,116,17.09,0.65
2018,117,16.25,0.65
2018,118,17.03,0.65
2018,119,17.29,0.65
2018,120,17.75,0.64
2018,121,18.84,0.64
2018,122,19.17,0.66
2018,123,18.5,0.67
2018,124,17.79,0.68
2018,125,19.12,0.68
2018,126,19.73,0.67
2018,127,19.83,0.65
2018,128,20.48,0.64
2018,129,20.9,0.64
2018,130,19.87,0.66
2018,131,19.96,0.68
2018,132,19.2,0.68
2018,133,19.28,0.7
2018,134,19.26,0.69
2018,135,19.78,0.67
2018,136,19.84,0.66
2018,137,19.99,0.65
2018,138,19.91,0.64
2018,139,19.38,0.64
2018,140,20.06,0.64
2018,141,20.26,0.64
2018,142,19.82,0.64
2018,143,19.13,0.64
2018,144,19.84,0.63
2018,145,20.59,0.63
2018,146,20.4,0.63
2018,147,19.06,0.64
2018,148,17.67,0.67
2018,149,19.48,0.67
2018,150,20.16,0.67
2018,151,19.93,0.67
2018,152,19.95,0.69
2018,153,20.1,0.7
2018,154,20.34,0.7
2018,155,19.91,0.7
2018,156,17.93,0.71
2018,157,19.02,0.69
2018,158,18.9,0.67
2018,159,18.82,0.66
2018,160,20.4,0.67
2018,161,19.9,0.69
2018,162,20.33,0.69
2018,163,20.03,0.68
2018,164,19.28,0.66
2018,165,20.24,0.66
2018,166,20.72,0.67
2018,167,20.04,0.67
2018,168,20.2,0.67
2018,169,20.98,0.67
2018,170,21.8,0.67
2018,171,21.09,0.67
2018,172,21.09,0.66
2018,173,20.78,0.66
2018,174,20.53,0.65
2018,175,21.35,0.66
2018,176,20.85,0.67
2018,177,20.24,0.69
2018,178,19.34,0.72
2018,179,18.88,0.71
2018,180,19.98,0.69
2018,181,20.65,0.68
2018,182,21.07,0.67
2018,183,20.68,0.66
2018,184,20.75,0.65
2018,185,20.93,0.65
2018,186,21.18,0.65
2018,187,21.65,0.64
2018,188,22.25,0.65
2018,189,21.42,0.69
2018,190,20.74,0.71
2018,191,20.8,0.71
2018,192,20.17,0.71
2018,193,20.14,0.69
2018,194,21.55,0.7
2018,195,21.0,0.73
2018,196,20.78,0.76
2018,197,21.07,0.8
2018,198,20.88,0.8
2018,199,21.46,0.79
2018,200,21.25,0.83
2018,201,20.9,0.83
2018,202,21.03,0.87
2018,203,20.76,0.85
2018,204,20.93,0.82
2018,205,21.14,0.8
2018,206,20.4,0.8
2018,207,20.73,0.82
2018,208,20.76,0.84
2018,209,20.22,0.85
2018,210,20.29,0.86
2018,211,20.39,0.86
2018,212,20.21,0.86
2018,213,20.48,0.85
2018,214,20.86,0.85
2018,215,20.55,0.85
2018,216,20.37,0.87
2018,217,20.17,0.88
2018,218,19.98,0.89
2018,219,20.43,0.88
2018,220,20.55,0.88
2018,221,20.16,0.88
2018,222,20.13,0.87
2018,223,20.33,0.86
2018,224,20.7,0.87
2018,225,20.49,0.87
2018,226,21.41,0.86
2018,227,21.14,0.87
2018,228,21.39,0.89
2018,229,21.83,0.94
2018,230,20.42,0.95
2018,231,20.87,0.94
2018,232,21.27,0.93
2018,233,21.58,0.93
2018,234,21.74,0.94
2018,235,21.96,0.94
2018,236,21.24,0.93
2018,237,20.4,0.93
2018,238,19.98,0.93
2018,239,19.94,0.93
2018,240,20.18,0.93
2018,241,20.43,0.96
2018,242,20.53,0.97
2018,243,21.04,0.97
2018,244,20.59,0.97
2018,245,20.73,0.97
2018,246,20.55,0.97
2018,247,19.7,0.97
2018,248,20.26,0.96
2018,249,20.92,0.96
2018,250,20.86,0.95
2018,251,16.84,0.95
2018,252,16.16,0.94
2018,253,17.71,0.93
2018,254,19.12,0.92
2018,255,19.07,0.92
2018,256,18.57,0.91
2018,257,19.04,0.9
2018,258,19.42,0.9
2018,259,20.26,0.89
2018,260,19.15,0.89
2018,261,20.49,0.91
2018,262,20.19,0.93
2018,263,19.2,0.92
2018,264,17.66,0.9
2018,265,17.77,0.9
2018,266,18.08,0.89
2018,267,17.97,0.88
2018,268,19.53,0.87
2018,269,21.41,0.87
2018,270,19.95,0.89
2018,271,16.34,0.91
2018,272,15.69,0.9
2018,273,15.76,0.89
2018,274,15.31,0.88
2018,275,14.42,0.87
2018,276,13.71,0.86
2018,277,13.26,0.86
2018,278,13.77,0.85
2018,279,14.82,0.84
2018,280,15.56,0.84
2018,281,15.97,0.83
2018,282,16.51,0.83
2018,283,13.53,0.84
2018,284,12.94,0.84
2018,285,12.74,0.83
2018,286,14.91,0.82
2018,287,18.32,0.82
2018,288,19.75,0.82
2018,289,15.72,0.83
2018,290,14.7,0.84
2018,291,14.06,0.83
2018,292,16.66,0.83
2018,293,18.05,0.84
2018,294,18.25,0.84
2018,295,18.74,0.85
2018,296,16.27,0.88
2018,297,15.74,0.9
2018,298,18.22,0.89
2018,299,17.91,0.88
2018,300,14.68,0.88
2018,301,14.35,0.87
2018,302,13.48,0.87
2018,303,13.12,0.86
2018,304,11.72,0.85
2018,305,10.1,0.85
2018,306,9.57,0.84
2018,307,10.82,0.84
2018,308,13.24,0.83
2018,309,15.12,0.83
2018,310,16.2,0.82
2018,311,16.61,0.82
2018,312,11.98,0.82
2018,313,12.56,0.82
2018,314,15.37,0.81
2018,315,16.19,0.83
2018,316,16.43,0.83
2018,317,16.0,0.82
2018,318,17.2,0.82
2018,319,17.89,0.82
2018,320,17.74,0.81
2018,321,17.69,0.82
2018,322,17.78,0.83
2018,323,12.4,0.82
2018,324,16.3,0.82
2018,325,16.05,0.82
2018,326,9.48,0.81
2018,327,9.24,0.81
2018,328,10.96,0.8
2018,329,11.68,0.8
2018,330,10.64,0.8
2018,331,10.51,0.8
2018,332,10.84,0.79
2018,333,10.74,0.79
2018,334,13.73,0.79
2018,335,16.08,0.79
2018,336,16.44,0.79
2018,337,16.66,0.79
2018,338,16.55,0.78
2018,339,15.97,0.78
2018,340,16.39,0.78
2018,341,10.94,0.78
2018,342,7.97,0.79
2018,343,7.85,0.8
2018,344,7.91,0.79
2018,345,7.72,0.79
2018,346,6.37,0.8
2018,347,6.65,0.8
2018,348,7.53,0.79
2018,349,8.76,0.79
2018,350,8.25,0.79
2018,351,7.83,0.78
2018,352,8.1,0.78
2018,353,11.58,0.78
2018,354,14.16,0.78
2018,355,14.95,0.77
2018,356,15.18,0.77
2018,357,12.82,0.77
2018,358,10.41,0.77
2018,359,12.5,0.77
2018,360,13.41,0.77
2018,361,11.98,0.76
2018,362,8.65,0.77
2018,363,6.14,0.77
2018,364,5.26,0.78
2018,365,5.13,0.78
2019,1,5.41,0.77
2019,2,6.21,0.77
2019,3,7.48,0.77
2019,4,9.06,0.77
2019,5,10.37,0.76
2019,6,10.24,0.76
2019,7,11.24,0.76
2019,8,10.2,0.77
2019,9,8.48,0.78
2019,10,10.27,0.78
2019,11,12.7,0.77
2019,12,12.91,0.77
2019,13,13.17,0.77
2019,14,13.45,0.76
2019,15,10.56,0.76
2019,16,7.01,0.77
2019,17,6.86,0.77
2019,18,8.28,0.76
2019,19,10.94,0.76
2019,20,12.03,0.76
2019,21,7.23,0.76
2019,22,6.58,0.76
2019,23,8.09,0.75
2019,24,10.38,0.75
2019,25,11.99,0.75
2019,26,11.03,0.75
2019,27,10.42,0.75
2019,28,11.01,0.75
2019,29,12.15,0.75
2019,30,12.96,0.75
2019,31,13.42,0.74
2019,32,10.25,0.74
2019,33,11.89,0.74
2019,34,13.83,0.74
2019,35,14.37,0.74
2019,36,14.21,0.73
2019,37,14.21,0.73
2019,38,12.08,0.73
2019,39,11.72,0.73
2019,40,12.88,0.73
2019,41,15.47,0.73
2019,42,10.88,0.73
2019,43,12.44,0.73
2019,44,14.13,0.73
2019,45,13.72,0.73
2019,46,14.58,0.72
2019,47,15.51,0.72
2019,48,16.02,0.75
2019,49,14.69,0.77
2019,50,15.17,0.75
2019,51,16.02,0.74
2019,52,14.88,0.73
2019,53,10.66,0.73
2019,54,11.08,0.73
2019,55,8.66,0.73
2019,56,10.41,0.72
2019,57,12.15,0.72
2019,58,14.38,0.72
2019,59,15.24,0.72
2019,60,15.56,0.72
2019,61,16.33,0.72
2019,62,15.63,0.71
2019,63,15.44,0.72
2019,64,15.99,0.72
2019,65,13.62,0.72
2019,66,11.88,0.72
2019,67,12.2,0.72
2019,68,14.06,0.71
2019,69,10.54,0.71
2019,70,11.2,0.71
2019,71,11.78,0.7
2019,72,13.98,0.7
2019,73,15.62,0.7
2019,74,11.67,0.7
2019,75,12.24,0.7
2019,76,13.96,0.7
2019,77,14.74,0.7
2019,78,15.83,0.71
2019,79,16.79,0.71
2019,80,16.71,0.7
2019,81,16.45,0.69
2019,82,11.63,0.69
2019,83,9.88,0.69
2019,84,11.88,0.69
2019,85,13.96,0.69
2019,86,15.78,0.69
2019,87,16.29,0.69
2019,88,16.94,0.69
2019,89,17.23,0.69
2019,90,17.49,0.69
2019,91,13.68,0.72
2019,92,15.51,0.72
2019,93,17.01,0.72
2019,94,17.1,0.73
2019,95,16.21,0.72
2019,96,16.66,0.72
2019,97,18.09,0.71
2019,98,18.76,0.71
2019,99,18.47,0.7
2019,100,19.32,0.69
2019,101,19.6,0.68
2019,102,19.68,0.68
2019,103,19.79,0.68
2019,104,20.07,0.69
2019,105,15.58,0.72
2019,106,17.36,0.72
2019,107,17.43,0.71
2019,108,19.34,0.7
2019,109,18.58,0.69
2019,110,18.79,0.68
2019,111,20.39,0.68
2019,112,20.08,0.68
2019,113,20.27,0.67
2019,114,19.85,0.67
2019,115,20.06,0.66
2019,116,20.36,0.66
2019,117,20.02,0.66
2019,118,20.05,0.66
2019,119,19.98,0.66
2019,120,20.14,0.68
2019,121,15.39,0.69
2019,122,16.72,0.68
2019,123,17.02,0.69
2019,124,19.39,0.68
2019,125,21.15,0.68
2019,126,21.22,0.67
2019,127,20.7,0.68
2019,128,19.91,0.68
2019,129,15.47,0.68
2019,130,16.58,0.68
2019,131,18.36,0.67
2019,132,19.76,0.66
2019,133,20.27,0.66
2019,134,20.75,0.67
2019,135,20.86,0.67
2019,136,21.35,0.67
2019,137,21.17,0.66
2019,138,21.38,0.65
2019,139,21.24,0.64
2019,140,19.41,0.64
2019,141,15.03,0.67
2019,142,17.46,0.67
2019,143,18.44,0.67
2019,144,20.19,0.67
2019,145,20.88,0.67
2019,146,21.4,0.66
2019,147,21.63,0.67
2019,148,21.32,0.68
2019,149,19.4,0.7
2019,150,19.17,0.71
2019,151,20.84,0.75
2019,152,18.38,0.79
2019,153,17.56,0.79
2019,154,19.91,0.75
2019,155,20.99,0.75
2019,156,21.8,0.75
2019,157,21.67,0.74
2019,158,22.22,0.74
2019,159,22.0,0.75
2019,160,21.9,0.74
2019,161,22.14,0.73
2019,162,22.23,0.72
2019,163,22.28,0.72
2019,164,21.71,0.72
2019,165,21.78,0.73
2019,166,21.71,0.72
2019,167,21.79,0.72
2019,168,21.8,0.73
2019,169,21.65,0.73
2019,170,21.89,0.73
2019,171,22.17,0.73
2019,172,22.34,0.72
2019,173,22.53,0.72
2019,174,23.25,0.71
2019,175,22.7,0.75
2019,176,22.14,0.75
2019,177,22.04,0.74
2019,178,21.71,0.73
2019,179,21.96,0.72
2019,180,21.96,0.72
2019,181,20.84,0.73
2019,182,20.52,0.73
2019,183,21.13,0.76
2019,184,21.65,0.76
2019,185,21.8,0.81
2019,186,21.88,0.8
2019,187,21.46,0.78
2019,188,21.02,0.76
2019,189,21.49,0.75
2019,190,21.29,0.75
2019,191,21.35,0.76
2019,192,21.16,0.77
2019,193,21.24,0.75
2019,194,21.52,0.75
2019,195,21.05,0.75
2019,196,21.46,0.75
2019,197,20.96,0.76
2019,198,22.11,0.76
2019,199,22.59,0.75
2019,200,22.33,0.75
2019,201,22.48,0.75
2019,202,21.34,0.75
2019,203,20.58,0.75
2019,204,20.64,0.76
2019,205,20.54,0.76
2019,206,20.63,0.76
2019,207,20.15,0.76
2019,208,20.29,0.75
2019,209,21.25,0.75
2019,210,20.98,0.74
2019,211,20.55,0.76
2019,212,20.49,0.76
2019,213,19.86,0.78
2019,214,20.2,0.8
2019,215,20.79,0.83
2019,216,21.02,0.86
2019,217,20.17,0.85
2019,218,20.66,0.83
2019,219,21.61,0.81
2019,220,22.02,0.81
2019,221,21.42,0.82
2019,222,21.31,0.81
2019,223,22.33,0.8
2019,224,21.76,0.8
2019,225,21.63,0.8
2019,226,21.38,0.8
2019,227,21.77,0.8
2019,228,21.53,0.81
2019,229,21.58,0.83
2019,230,21.07,0.82
2019,231,21.14,0.82
2019,232,21.59,0.84
2019,233,21.13,0.85
2019,234,20.46,0.85
2019,235,19.87,0.85
2019,236,20.55,0.84
2019,237,21.25,0.83
2019,238,20.66,0.83
2019,239,20.94,0.84
2019,240,21.23,0.84
2019,241,22.15,0.84
2019,242,21.15,0.87
2019,243,20.3,0.9
2019,244,19.99,0.91
2019,245,18.97,0.9
2019,246,19.31,0.89
2019,247,19.26,0.89
2019,248,19.84,0.88
2019,249,20.24,0.87
2019,250,21.47,0.86
2019,251,21.92,0.85
2019,252,21.79,0.87
2019,253,21.79,0.93
2019,254,21.25,0.95
2019,255,20.33,0.94
2019,256,19.7,0.93
2019,257,19.15,0.91
2019,258,19.75,0.9
2019,259,20.44,0.9
2019,260,19.6,0.89
2019,261,20.71,0.89
2019,262,19.42,0.9
2019,263,18.33,0.89
2019,264,16.56,0.88
2019,265,14.87,0.87
2019,266,13.73,0.86
2019,267,13.02,0.85
2019,268,13.53,0.85
2019,269,14.7,0.84
2019,270,13.94,0.83
2019,271,14.35,0.83
2019,272,14.43,0.82
2019,273,14.91,0.81
2019,274,16.12,0.81
2019,275,19.15,0.8
2019,276,20.09,0.82
2019,277,19.41,0.85
2019,278,18.72,0.84
2019,279,17.61,0.83
2019,280,17.52,0.83
2019,281,18.37,0.84
2019,282,17.98,0.84
2019,283,18.31,0.85
2019,284,18.64,0.84
2019,285,18.69,0.84
2019,286,18.12,0.84
2019,287,17.26,0.84
2019,288,16.26,0.84
2019,289,16.73,0.84
2019,290,17.02,0.83
2019,291,13.62,0.84
2019,292,14.42,0.83
2019,293,15.63,0.82
2019,294,17.01,0.82
2019,295,18.43,0.81
2019,296,19.16,0.81
2019,297,15.26,0.82
2019,298,16.81,0.81
2019,299,17.55,0.81
2019,300,17.46,0.81
2019,301,13.26,0.81
2019,302,11.32,0.8
2019,303,10.64,0.8
2019,304,11.12,0.79
2019,305,12.79,0.8
2019,306,14.98,0.81
2019,307,15.49,0.8
2019,308,12.46,0.8
2019,309,10.68,0.79
2019,310,11.93,0.79
2019,311,11.79,0.78
2019,312,10.73,0.78
2019,313,10.54,0.78
2019,314,10.57,0.77
2019,315,11.26,0.77
2019,316,14.18,0.77
2019,317,16.2,0.77
2019,318,10.38,0.77
2019,319,12.6,0.77
2019,320,15.64,0.76
2019,321,17.2,0.76
2019,322,12.88,0.77
2019,323,9.31,0.77
2019,324,10.23,0.76
2019,325,11.0,0.76
2019,326,12.28,0.76
2019,327,14.4,0.75
2019,328,14.84,0.75
2019,329,12.14,0.75
2019,330,10.65,0.75
2019,331,13.4,0.75
2019,332,8.75,0.75
2019,333,9.5,0.74
2019,334,12.09,0.74
2019,335,11.71,0.74
2019,336,6.95,0.74
2019,337,6.23,0.74
2019,338,6.37,0.74
2019,339,6.14,0.74
2019,340,5.81,0.73
2019,341,5.25,0.73
2019,342,5.18,0.73
2019,343,5.65,0.73
2019,344,5.91,0.73
2019,345,6.32,0.73
2019,346,7.36,0.73
2019,347,10.15,0.72
2019,348,12.16,0.72
2019,349,13.67,0.72
2019,350,13.73,0.72
2019,351,14.3,0.72
2019,352,15.18,0.72
2019,353,10.86,0.72
2019,354,9.31,0.72
2019,355,11.3,0.72
2019,356,10.82,0.72
2019,357,12.99,0.72
2019,358,14.43,0.72
2019,359,14.57,0.72
2019,360,11.38,0.72
2019,361,7.1,0.71
2019,362,9.04,0.71
2019,363,10.56,0.71
2019,364,11.69,0.71
2019,365,10.75,0.71
2020,1,11.56,0.71
2020,2,13.04,0.71
2020,3,13.43,0.71
2020,4,13.6,0.71
2020,5,13.78,0.7
2020,6,13.65,0.7
2020,7,14.41,0.7
2020,8,13.92,0.7
2020,9,14.24,0.7
2020,10,14.33,0.69
2020,11,12.28,0.69
2020,12,8.11,0.69
2020,13,10.67,0.69
2020,14,13.65,0.69
2020,15,13.67,0.69
2020,16,13.45,0.69
2020,17,8.39,0.68
2020,18,9.77,0.68
2020,19,8.68,0.68
2020,20,10.26,0.68
2020,21,12.8,0.68
2020,22,13.8,0.68
2020,23,14.62,0.68
2020,24,15.06,0.69
2020,25,8.66,0.74
2020,26,6.82,0.75
2020,27,6.5,0.73
2020,28,6.83,0.72
2020,29,6.29,0.71
2020,30,6.19,0.71
2020,31,7.77,0.7
2020,32,10.55,0.7
2020,33,12.18,0.7
2020,34,12.01,0.7
2020,35,8.88,0.71
2020,36,9.6,0.71
2020,37,11.76,0.71
2020,38,11.73,0.71
2020,39,9.96,0.7
2020,40,8.02,0.7
2020,41,9.43,0.7
2020,42,12.3,0.7
2020,43,14.08,0.7
2020,44,15.03,0.7
2020,45,15.3,0.69
2020,46,12.7,0.69
2020,47,6.19,0.69
2020,48,5.91,0.68
2020,49,6.44,0.68
2020,50,9.11,0.68
2020,51,11.86,0.68
2020,52,12.03,0.68
2020,53,11.02,0.67
2020,54,10.65,0.67
2020,55,11.61,0.67
2020,56,12.59,0.67
2020,57,12.96,0.66
2020,58,13.47,0.66
2020,59,13.87,0.66
2020,60,14.31,0.66
2020,61,15.41,0.66
2020,62,15.37,0.66
2020,63,15.62,0.67
2020,64,10.62,0.72
2020,65,10.06,0.72
2020,66,12.66,0.71
2020,67,14.43,0.7
2020,68,14.55,0.68
2020,69,12.82,0.67
2020,70,10.73,0.67
2020,71,12.16,0.67
2020,72,15.99,0.66
2020,73,16.86,0.66
2020,74,11.93,0.66
2020,75,12.41,0.66
2020,76,14.84,0.66
2020,77,16.38,0.66
2020,78,14.1,0.7
2020,79,14.24,0.7
2020,80,13.97,0.69
2020,81,16.55,0.68
2020,82,16.71,0.68
2020,83,16.5,0.69
2020,84,15.56,0.68
2020,85,16.42,0.68
2020,86,17.4,0.68
2020,87,17.59,0.67
2020,88,13.8,0.67
2020,89,16.62,0.66
2020,90,15.44,0.66
2020,91,14.21,0.66
2020,92,12.94,0.66
2020,93,15.8,0.66
2020,94,17.05,0.66
2020,95,13.34,0.67
2020,96,11.09,0.68
2020,97,10.85,0.68
2020,98,11.55,0.68
2020,99,12.78,0.68
2020,100,13.94,0.68
2020,101,15.9,0.67
2020,102,17.59,0.67
2020,103,9.46,0.68
2020,104,8.88,0.7
2020,105,9.89,0.7
2020,106,12.92,0.68
2020,107,16.01,0.68
2020,108,17.53,0.68
2020,109,17.76,0.68
2020,110,18.28,0.67
2020,111,19.08,0.66
2020,112,19.66,0.66
2020,113,17.15,0.67
2020,114,11.83,0.71
2020,115,10.37,0.73
2020,116,10.96,0.73
2020,117,11.44,0.71
2020,118,11.32,0.7
2020,119,12.5,0.69
2020,120,14.48,0.68
2020,121,15.64,0.67
2020,122,17.34,0.68
2020,123,18.38,0.68
2020,124,19.9,0.67
2020,125,20.67,0.67
2020,126,20.74,0.66
2020,127,21.47,0.65
2020,128,22.62,0.65
2020,129,22.22,0.65
2020,130,20.38,0.66
2020,131,19.97,0.66
2020,132,20.97,0.66
2020,133,17.9,0.68
2020,134,18.8,0.69
2020,135,19.07,0.68
2020,136,19.9,0.67
2020,137,20.91,0.68
2020,138,21.43,0.68
2020,139,21.25,0.69
2020,140,20.74,0.68
2020,141,22.17,0.67
2020,142,21.75,0.66
2020,143,21.79,0.65
2020,144,20.5,0.68
2020,145,20.58,0.67
2020,146,21.49,0.67
2020,147,19.5,0.67
2020,148,17.58,0.68
2020,149,18.15,0.68
2020,150,19.75,0.68
2020,151,20.27,0.67
2020,152,20.71,0.66
2020,153,20.75,0.66
2020,154,20.82,0.66
2020,155,20.84,0.65
2020,156,21.47,0.65
2020,157,21.61,0.65
2020,158,21.49,0.64
2020,159,21.53,0.64
2020,160,21.13,0.64
2020,161,20.93,0.64
2020,162,21.76,0.65
2020,163,21.56,0.66
2020,164,21.59,0.67
2020,165,22.1,0.67
2020,166,22.35,0.67
2020,167,21.13,0.71
2020,168,20.55,0.71
2020,169,21.19,0.7
2020,170,21.13,0.69
2020,171,21.24,0.68
2020,172,21.4,0.67
2020,173,22.01,0.67
2020,174,21.98,0.66
2020,175,21.91,0.66
2020,176,21.79,0.65
2020,177,21.92,0.65
2020,178,21.79,0.66
2020,179,21.76,0.66
2020,180,22.08,0.65
2020,181,21.44,0.65
2020,182,21.78,0.65
2020,183,21.91,0.66
2020,184,21.92,0.66
2020,185,21.71,0.68
2020,186,21.58,0.69
2020,187,21.07,0.68
2020,188,21.9,0.67
2020,189,22.13,0.67
2020,190,21.92,0.67
2020,191,21.21,0.66
2020,192,21.13,0.66
2020,193,20.66,0.66
2020,194,19.82,0.66
2020,195,20.39,0.66
2020,196,21.23,0.68
2020,197,21.5,0.67
2020,198,21.7,0.66
2020,199,21.65,0.65
2020,200,21.86,0.65
2020,201,21.46,0.65
2020,202,21.14,0.65
2020,203,21.17,0.67
2020,204,20.81,0.67
2020,205,20.87,0.66
2020,206,21.03,0.65
2020,207,21.06,0.64
2020,208,21.79,0.64
2020,209,20.97,0.65
2020,210,20.3,0.66
2020,211,20.15,0.66
2020,212,20.8,0.66
2020,213,21.08,0.65
2020,214,21.19,0.66
2020,215,20.92,0.73
2020,216,21.35,0.77
2020,217,21.39,0.77
2020,218,20.96,0.77
2020,219,21.56,0.79
2020,220,21.37,0.79
2020,221,21.01,0.77
2020,222,21.25,0.74
2020,223,22.18,0.73
2020,224,20.64,0.73
2020,225,21.06,0.74
2020,226,21.48,0.76
2020,227,20.32,0.79
2020,228,19.8,0.79
2020,229,20.14,0.79
2020,230,19.83,0.81
2020,231,19.57,0.84
2020,232,20.23,0.83
2020,233,20.21,0.81
2020,234,19.95,0.81
2020,235,19.86,0.8
2020,236,20.23,0.79
2020,237,20.96,0.79
2020,238,20.84,0.79
2020,239,21.18,0.79
2020,240,21.31,0.78
2020,241,21.7,0.78
2020,242,21.03,0.78
2020,243,20.81,0.77
2020,244,19.64,0.77
2020,245,19.96,0.76
2020,246,20.68,0.76
2020,247,20.94,0.76
2020,248,20.55,0.76
2020,249,21.42,0.76
2020,250,21.68,0.76
2020,251,20.4,0.8
2020,252,20.1,0.81
2020,253,20.28,0.8
2020,254,20.88,0.8
2020,255,21.06,0.81
2020,256,21.86,0.8
2020,257,20.88,0.8
2020,258,20.67,0.8
2020,259,20.58,0.8
2020,260,21.28,0.79
2020,261,21.44,0.79
2020,262,16.1,0.8
2020,263,17.42,0.81
2020,264,18.91,0.82
2020,265,19.92,0.82
2020,266,20.53,0.82
2020,267,20.51,0.83
2020,268,17.83,0.85
2020,269,20.17,0.84
2020,270,20.76,0.83
2020,271,20.18,0.85
2020,272,20.01,0.85
2020,273,20.16,0.85
2020,274,20.36,0.84
2020,275,20.45,0.85
2020,276,20.41,0.85
2020,277,20.24,0.84
2020,278,20.07,0.85
2020,279,19.75,0.85
2020,280,14.91,0.85
2020,281,14.26,0.85
2020,282,13.57,0.84
2020,283,13.12,0.83
2020,284,13.08,0.83
2020,285,13.75,0.82
2020,286,15.2,0.82
2020,287,15.74,0.81
2020,288,16.25,0.85
2020,289,17.84,0.9
2020,290,14.76,0.92
2020,291,12.22,0.91
2020,292,12.74,0.94
2020,293,11.81,0.95
2020,294,12.43,0.93
2020,295,11.93,0.92
2020,296,11.63,0.91
2020,297,10.83,0.91
2020,298,10.97,0.9
2020,299,12.51,0.89
2020,300,15.01,0.89
2020,301,16.01,0.89
2020,302,16.23,0.88
2020,303,14.02,0.9
2020,304,13.57,0.91
2020,305,15.0,0.9
2020,306,15.64,0.9
2020,307,14.35,0.89
2020,308,11.83,0.89
2020,309,11.76,0.88
2020,310,12.93,0.88
2020,311,14.46,0.87
2020,312,13.21,0.86
2020,313,12.35,0.86
2020,314,10.43,0.85
2020,315,9.3,0.85
2020,316,10.13,0.84
2020,317,10.71,0.84
2020,318,10.45,0.83
2020,319,10.47,0.83
2020,320,12.41,0.83
2020,321,14.88,0.85
2020,322,16.6,0.85
2020,323,16.88,0.84
2020,324,16.62,0.84
2020,325,16.92,0.83
2020,326,16.96,0.83
2020,327,16.78,0.82
2020,328,15.23,0.82
2020,329,14.19,0.82
2020,330,15.1,0.81
2020,331,15.21,0.81
2020,332,11.41,0.81
2020,333,9.19,0.8
2020,334,8.31,0.8
2020,335,7.98,0.8
2020,336,8.45,0.8
2020,337,9.33,0.79
2020,338,8.3,0.79
2020,339,6.99,0.79
2020,340,6.69,0.79
2020,341,7.58,0.78
2020,342,8.53,0.78
2020,343,7.85,0.78
2020,344,8.87,0.78
2020,345,9.58,0.78
2020,346,10.82,0.77
2020,347,12.35,0.77
2020,348,13.86,0.77
2020,349,10.87,0.77
2020,350,7.07,0.77
2020,351,6.63,0.77
2020,352,6.5,0.77
2020,353,6.23,0.77
2020,354,6.01,0.76
2020,355,5.38,0.76
2020,356,5.49,0.76
2020,357,6.48,0.76
2020,358,8.03,0.76
2020,359,8.6,0.76
2020,360,8.37,0.75
2020,361,10.55,0.75
2020,362,13.12,0.75
2020,363,14.28,0.75
2020,364,13.79,0.75
2020,365,5.7,0.75
2020,366,4.68,0.75
2021,1,4.36,0.74
2021,2,5.38,0.74
2021,3,6.52,0.74
2021,4,7.17,0.74
2021,5,8.38,0.74
2021,6,7.56,0.74
2021,7,6.74,0.74
2021,8,4.65,0.74
2021,9,4.27,0.74
2021,10,4.68,0.73
2021,11,4.48,0.73
2021,12,4.71,0.73
2021,13,5.72,0.73
2021,14,7.91,0.73
2021,15,9.52,0.73
2021,16,10.06,0.73
2021,17,7.35,0.73
2021,18,5.61,0.73
2021,19,6.85,0.73
2021,20,9.33,0.72
2021,21,10.58,0.72
2021,22,10.95,0.72
2021,23,11.0,0.72
2021,24,11.52,0.72
2021,25,12.93,0.72
2021,26,12.07,0.72
2021,27,11.72,0.72
2021,28,9.31,0.72
2021,29,8.72,0.72
2021,30,10.14,0.72
2021,31,11.41,0.72
2021,32,12.29,0.71
2021,33,12.11,0.71
2021,34,12.04,0.71
2021,35,12.0,0.71
2021,36,11.9,0.71
2021,37,11.58,0.71
2021,38,12.11,0.7
2021,39,12.2,0.71
2021,40,9.7,0.75
2021,41,8.7,0.76
2021,42,9.39,0.74
2021,43,9.99,0.73
2021,44,10.12,0.72
2021,45,10.7,0.72
2021,46,11.99,0.72
2021,47,13.04,0.71
2021,48,9.58,0.71
2021,49,9.73,0.71
2021,50,9.97,0.71
2021,51,10.42,0.71
2021,52,11.33,0.7
2021,53,13.01,0.7
2021,54,13.02,0.7
2021,55,13.5,0.7
2021,56,14.96,0.7
2021,57,14.78,0.69
2021,58,9.74,0.69
2021,59,12.87,0.7
2021,60,15.31,0.7
2021,61,9.27,0.7
2021,62,11.12,0.7
2021,63,12.68,0.7
2021,64,14.89,0.7
2021,65,15.3,0.69
2021,66,12.15,0.69
2021,67,13.84,0.69
2021,68,14.85,0.69
2021,69,14.86,0.69
2021,70,14.96,0.68
2021,71,14.45,0.68
2021,72,14.21,0.68
2021,73,14.02,0.67
2021,74,15.27,0.67
2021,75,15.9,0.67
2021,76,16.31,0.67
2021,77,16.44,0.67
2021,78,16.69,0.66
2021,79,17.26,0.66
2021,80,10.41,0.67
2021,81,7.81,0.67
2021,82,8.8,0.67
2021,83,11.43,0.66
2021,84,14.07,0.66
2021,85,15.74,0.66
2021,86,17.02,0.66
2021,87,17.51,0.66
2021,88,18.46,0.66
2021,89,18.71,0.66
2021,90,17.87,0.65
2021,91,17.7,0.65
2021,92,18.75,0.64
2021,93,18.43,0.64
2021,94,17.09,0.65
2021,95,14.82,0.66
2021,96,16.14,0.66
2021,97,16.33,0.65
2021,98,16.84,0.66
2021,99,13.09,0.66
2021,100,15.13,0.66
2021,101,16.2,0.66
2021,102,17.16,0.65
2021,103,17.38,0.65
2021,104,18.01,0.65
2021,105,18.31,0.64
2021,106,18.36,0.64
2021,107,16.2,0.68
2021,108,15.65,0.7
2021,109,17.55,0.68
2021,110,18.5,0.67
2021,111,19.22,0.65
2021,112,19.43,0.65
2021,113,19.68,0.64
2021,114,20.56,0.64
2021,115,20.59,0.64
2021,116,17.36,0.68
2021,117,15.14,0.69
2021,118,15.94,0.69
2021,119,13.05,0.7
2021,120,15.03,0.68
2021,121,16.99,0.67
2021,122,18.52,0.67
2021,123,19.45,0.66
2021,124,19.81,0.66
2021,125,18.37,0.72
2021,126,17.6,0.73
2021,127,18.55,0.71
2021,128,19.52,0.69
2021,129,19.69,0.68
2021,130,19.93,0.67
2021,131,20.39,0.67
2021,132,20.87,0.68
2021,133,21.49,0.69
2021,134,21.34,0.7
2021,135,21.9,0.68
2021,136,21.94,0.67
2021,137,21.98,0.68
2021,138,21.88,0.68
2021,139,22.2,0.67
2021,140,22.32,0.67
2021,141,22.24,0.67
2021,142,22.37,0.67
2021,143,22.55,0.66
2021,144,18.77,0.67
2021,145,18.32,0.69
2021,146,20.2,0.7
2021,147,20.69,0.69
2021,148,21.39,0.71
2021,149,21.83,0.71
2021,150,21.72,0.7
2021,151,21.78,0.69
2021,152,22.21,0.68
2021,153,22.93,0.68
2021,154,22.19,0.67
2021,155,16.97,0.68
2021,156,17.89,0.67
2021,157,19.71,0.66
2021,158,20.71,0.67
2021,159,20.73,0.73
2021,160,20.48,0.73
2021,161,20.8,0.74
2021,162,20.53,0.73
2021,163,20.75,0.74
2021,164,20.48,0.77
2021,165,20.57,0.76
2021,166,19.72,0.73
2021,167,20.52,0.72
2021,168,20.81,0.71
2021,169,21.21,0.7
2021,170,20.71,0.69
2021,171,20.59,0.68
2021,172,21.06,0.68
2021,173,21.53,0.68
2021,174,21.34,0.69
2021,175,20.96,0.71
2021,176,20.47,0.71
2021,177,21.26,0.71
2021,178,21.24,0.71
2021,179,21.33,0.7
2021,180,20.87,0.7
2021,181,21.45,0.7
2021,182,21.37,0.69
2021,183,21.24,0.69
2021,184,21.2,0.68
2021,185,21.43,0.68
2021,186,22.51,0.7
2021,187,21.29,0.7
2021,188,21.11,0.71
2021,189,21.01,0.77
2021,190,20.77,0.78
2021,191,19.82,0.76
2021,192,19.99,0.74
2021,193,20.29,0.73
2021,194,21.24,0.73
2021,195,21.43,0.72
2021,196,20.56,0.72
2021,197,19.92,0.71
2021,198,20.54,0.71
2021,199,21.95,0.72
2021,200,20.47,0.73
2021,201,20.65,0.73
2021,202,20.95,0.73
2021,203,20.71,0.73
2021,204,21.18,0.79
2021,205,21.65,0.79
2021,206,21.17,0.77
2021,207,20.36,0.76
2021,208,21.45,0.75
2021,209,21.69,0.75
2021,210,21.57,0.76
2021,211,21.82,0.75
2021,212,22.41,0.75
2021,213,21.67,0.79
2021,214,20.62,0.79
2021,215,21.38,0.77
2021,216,21.63,0.76
2021,217,21.76,0.75
2021,218,21.68,0.75
2021,219,21.64,0.74
2021,220,21.86,0.74
2021,221,21.99,0.74
2021,222,21.97,0.75
2021,223,22.02,0.77
2021,224,20.98,0.79
2021,225,21.35,0.78
2021,226,20.97,0.77
2021,227,20.65,0.78
2021,228,20.37,0.78
2021,229,19.89,0.78
2021,230,20.11,0.78
2021,231,20.23,0.78
2021,232,20.23,0.78
2021,233,20.98,0.77
2021,234,21.6,0.77
2021,235,22.03,0.8
2021,236,21.78,0.81
2021,237,21.53,0.79
2021,238,20.86,0.8
2021,239,20.25,0.8
2021,240,19.64,0.81
2021,241,18.55,0.8
2021,242,19.02,0.79
2021,243,19.47,0.79
2021,244,19.86,0.78
2021,245,20.03,0.82
2021,246,19.81,0.83
2021,247,20.37,0.82
2021,248,20.54,0.83
2021,249,19.01,0.83
2021,250,20.04,0.82
2021,251,20.32,0.85
2021,252,19.83,0.87
2021,253,19.26,0.85
2021,254,20.17,0.84
2021,255,20.85,0.83
2021,256,21.24,0.83
2021,257,21.29,0.85
2021,258,20.76,0.86
2021,259,19.63,0.87
2021,260,20.36,0.87
2021,261,20.2,0.86
2021,262,19.67,0.86
2021,263,19.82,0.87
2021,264,19.18,0.87
2021,265,19.3,0.87
2021,266,19.67,0.87
2021,267,19.88,0.88
2021,268,19.65,0.92
2021,269,19.93,0.92
2021,270,18.79,0.92
2021,271,18.37,0.91
2021,272,19.05,0.9
2021,273,19.35,0.89
2021,274,19.83,0.89
2021,275,19.14,0.89
2021,276,18.64,0.89
2021,277,18.91,0.88
2021,278,19.38,0.88
2021,279,19.39,0.89
2021,280,19.2,0.88
2021,281,16.77,0.87
2021,282,16.84,0.87
2021,283,17.39,0.89
2021,284,15.29,0.93
2021,285,12.86,0.91
2021,286,13.32,0.91
2021,287,13.91,0.92
2021,288,15.07,0.93
2021,289,12.63,0.93
2021,290,11.23,0.92
2021,291,11.7,0.92
2021,292,15.25,0.92
2021,293,18.48,0.91
2021,294,14.01,0.91
2021,295,10.66,0.91
2021,296,10.39,0.9
2021,297,11.07,0.9
2021,298,11.01,0.89
2021,299,12.25,0.88
2021,300,13.36,0.88
2021,301,14.1,0.88
2021,302,15.85,0.9
2021,303,13.73,0.92
2021,304,14.42,0.91
2021,305,15.9,0.91
2021,306,16.39,0.91
2021,307,16.0,0.91
2021,308,17.41,0.91
2021,309,18.42,0.9
2021,310,18.89,0.89
2021,311,15.59,0.89
2021,312,9.16,0.89
2021,313,7.73,0.88
2021,314,8.16,0.88
2021,315,9.54,0.87
2021,316,10.36,0.87
2021,317,9.47,0.86
2021,318,10.05,0.86
2021,319,11.95,0.85
2021,320,14.15,0.85
2021,321,12.75,0.85
2021,322,10.77,0.84
2021,323,13.46,0.84
2021,324,16.18,0.84
2021,325,17.16,0.84
2021,326,10.02,0.84
2021,327,7.68,0.83
2021,328,7.98,0.83
2021,329,9.76,0.83
2021,330,9.97,0.82
2021,331,9.65,0.82
2021,332,9.5,0.81
2021,333,10.42,0.81
2021,334,9.79,0.81
2021,335,6.81,0.8
2021,336,6.58,0.8
2021,337,6.88,0.8
2021,338,7.13,0.8
2021,339,7.41,0.79
2021,340,7.41,0.79
2021,341,7.32,0.79
2021,342,8.59,0.79
2021,343,10.9,0.78
2021,344,11.73,0.78
2021,345,12.16,0.78
2021,346,10.8,0.78
2021,347,8.25,0.78
2021,348,9.37,0.77
2021,349,11.29,0.77
2021,350,12.11,0.77
2021,351,9.87,0.77
2021,352,7.16,0.77
2021,353,6.84,0.77
2021,354,8.37,0.76
2021,355,8.95,0.76
2021,356,9.43,0.76
2021,357,10.38,0.76
2021,358,11.86,0.76
2021,359,11.77,0.76
2021,360,7.96,0.76
2021,361,5.68,0.76
2021,362,6.64,0.76
2021,363,8.18,0.75
2021,364,7.87,0.75
2021,365,8.5,0.75
2022,1,9.47,0.75
2022,2,9.25,0.75
2022,3,10.45,0.75
2022,4,11.24,0.75
2022,5,12.08,0.74
2022,6,12.77,0.74
2022,7,11.52,0.74
2022,8,11.6,0.74
2022,9,8.67,0.74
2022,10,9.91,0.74
2022,11,7.4,0.74
2022,12,8.8,0.74
2022,13,9.22,0.74
2022,14,10.1,0.74
2022,15,12.35,0.74
2022,16,12.8,0.74
2022,17,8.28,0.76
2022,18,7.96,0.76
2022,19,8.36,0.75
2022,20,9.88,0.75
2022,21,11.76,0.76
2022,22,13.27,0.78
2022,23,13.36,0.77
2022,24,13.09,0.76
2022,25,12.54,0.75
2022,26,12.9,0.75
2022,27,14.12,0.75
2022,28,13.85,0.74
2022,29,9.53,0.75
2022,30,6.56,0.75
2022,31,6.9,0.75
2022,32,6.99,0.75
2022,33,7.22,0.74
2022,34,6.62,0.74
2022,35,7.11,0.8
2022,36,7.5,0.79
2022,37,9.91,0.79
2022,38,12.12,0.78
2022,39,10.93,0.77
2022,40,8.33,0.77
2022,41,10.15,0.77
2022,42,12.27,0.76
2022,43,12.39,0.77
2022,44,9.02,0.77
2022,45,7.8,0.77
2022,46,9.69,0.76
2022,47,11.92,0.76
2022,48,14.33,0.76
2022,49,16.09,0.76
2022,50,7.48,0.79
2022,51,5.38,0.83
2022,52,5.63,0.83
2022,53,6.04,0.81
2022,54,6.12,0.8
2022,55,6.22,0.79
2022,56,7.6,0.79
2022,57,9.1,0.78
2022,58,9.93,0.78
2022,59,11.72,0.78
2022,60,12.95,0.78
2022,61,12.81,0.77
2022,62,13.56,0.77
2022,63,14.5,0.77
2022,64,14.77,0.77
2022,65,15.92,0.77
2022,66,11.55,0.78
2022,67,10.45,0.78
2022,68,12.05,0.77
2022,69,12.71,0.77
2022,70,13.41,0.76
2022,71,14.3,0.76
2022,72,14.88,0.76
2022,73,14.92,0.76
2022,74,15.13,0.76
2022,75,15.58,0.76
2022,76,16.85,0.76
2022,77,16.5,0.76
2022,78,17.01,0.75
2022,79,17.41,0.75
2022,80,18.44,0.75
2022,81,18.78,0.75
2022,82,11.6,0.78
2022,83,13.58,0.78
2022,84,17.65,0.77
2022,85,18.11,0.76
2022,86,12.23,0.75
2022,87,11.15,0.76
2022,88,13.08,0.75
2022,89,15.48,0.75
2022,90,16.37,0.75
2022,91,9.9,0.77
2022,92,8.48,0.77
2022,93,8.1,0.76
2022,94,9.6,0.75
2022,95,11.0,0.74
2022,96,12.3,0.74
2022,97,12.21,0.74
2022,98,11.93,0.73
2022,99,12.23,0.73
2022,100,13.64,0.73
2022,101,15.31,0.73
2022,102,16.77,0.72
2022,103,17.25,0.72
2022,104,17.01,0.72
2022,105,18.26,0.72
2022,106,16.27,0.74
2022,107,12.22,0.77
2022,108,11.33,0.76
2022,109,11.36,0.75
2022,110,12.94,0.74
2022,111,15.31,0.73
2022,112,17.09,0.73
2022,113,18.24,0.72
2022,114,19.4,0.72
2022,115,19.53,0.71
2022,116,19.75,0.71
2022,117,20.65,0.7
2022,118,20.48,0.7
2022,119,19.21,0.7
2022,120,18.55,0.7
2022,121,12.12,0.73
2022,122,10.39,0.73
2022,123,11.05,0.72
2022,124,11.51,0.71
2022,125,13.2,0.7
2022,126,14.83,0.7
2022,127,17.73,0.7
2022,128,17.88,0.71
2022,129,18.51,0.71
2022,130,19.64,0.73
2022,131,20.24,0.73
2022,132,20.59,0.74
2022,133,19.57,0.74
2022,134,17.59,0.73
2022,135,15.99,0.73
2022,136,12.56,0.73
2022,137,13.31,0.72
2022,138,15.05,0.71
2022,139,17.63,0.71
2022,140,18.22,0.7
2022,141,17.85,0.71
2022,142,18.91,0.74
2022,143,19.91,0.79
2022,144,20.28,0.84
2022,145,20.35,0.82
2022,146,20.81,0.79
2022,147,21.04,0.77
2022,148,21.4,0.76
2022,149,21.3,0.76
2022,150,21.31,0.77
2022,151,20.79,0.8
2022,152,20.83,0.81
2022,153,21.23,0.79
2022,154,21.26,0.79
2022,155,21.28,0.79
2022,156,20.91,0.78
2022,157,20.96,0.79
2022,158,20.31,0.82
2022,159,20.56,0.83
2022,160,20.69,0.82
2022,161,21.06,0.81
2022,162,20.67,0.81
2022,163,20.98,0.81
2022,164,20.41,0.8
2022,165,19.57,0.81
2022,166,18.61,0.82
2022,167,20.32,0.82
2022,168,20.88,0.82
2022,169,20.53,0.81
2022,170,20.25,0.8
2022,171,21.52,0.8
2022,172,20.99,0.8
2022,173,21.01,0.8
2022,174,21.58,0.81
2022,175,20.83,0.81
2022,176,20.74,0.81
2022,177,20.85,0.8
2022,178,20.94,0.8
2022,179,21.11,0.79
2022,180,21.42,0.79
2022,181,21.45,0.81
2022,182,20.74,0.81
2022,183,21.02,0.81
2022,184,21.49,0.81
2022,185,21.97,0.81
2022,186,21.62,0.81
2022,187,21.03,0.83
2022,188,20.5,0.82
2022,189,20.52,0.84
2022,190,20.77,0.86
2022,191,20.38,0.85
2022,192,21.22,0.86
2022,193,21.52,0.87
2022,194,21.38,0.87
2022,195,21.43,0.88
2022,196,21.56,0.89
2022,197,21.81,0.89
2022,198,22.41,0.88
2022,199,22.05,0.87
2022,200,22.58,0.87
2022,201,22.34,0.88
2022,202,21.38,0.89
2022,203,20.6,0.89
2022,204,20.15,0.88
2022,205,20.85,0.88
2022,206,20.55,0.86
2022,207,21.14,0.86
2022,208,21.64,0.85
2022,209,21.64,0.85
2022,210,21.98,0.84
2022,211,21.5,0.85
2022,212,21.11,0.86
2022,213,21.13,0.86
2022,214,21.31,0.86
2022,215,20.71,0.86
2022,216,20.77,0.86
2022,217,20.36,0.87
2022,218,20.28,0.89
2022,219,19.92,0.91
2022,220,19.92,0.9
2022,221,19.51,0.9
2022,222,20.22,0.9
2022,223,20.32,0.94
2022,224,20.59,0.95
2022,225,19.97,0.95
2022,226,20.43,0.94
2022,227,21.13,0.94
2022,228,21.08,0.93
2022,229,20.41,0.93
2022,230,19.85,0.92
2022,231,20.68,0.92
2022,232,21.15,0.93
2022,233,20.8,0.95
2022,234,21.58,0.95
2022,235,21.0,0.95
2022,236,21.3,0.94
2022,237,22.04,0.94
2022,238,20.57,0.98
2022,239,20.83,0.97
2022,240,21.09,0.96
2022,241,20.99,0.96
2022,242,20.8,0.95
2022,243,20.8,0.94
2022,244,21.06,0.94
2022,245,19.65,0.94
2022,246,20.47,0.93
2022,247,20.44,0.95
2022,248,17.41,0.95
2022,249,17.69,0.93
2022,250,19.25,0.93
2022,251,20.39,0.95
2022,252,19.33,0.98
2022,253,19.23,0.97
2022,254,19.16,0.97
2022,255,18.84,0.96
2022,256,18.88,0.95
2022,257,18.79,0.95
2022,258,19.51,0.94
2022,259,20.7,0.93
2022,260,20.54,0.94
2022,261,20.27,0.94
2022,262,19.97,0.92
2022,263,19.99,0.92
2022,264,20.47,0.92
2022,265,20.18,0.92
2022,266,19.09,0.92
2022,267,18.94,0.92
2022,268,18.81,0.93
2022,269,18.32,0.92
2022,270,18.8,0.91
2022,271,18.51,0.91
2022,272,19.08,0.91
2022,273,18.61,0.93
2022,274,19.84,0.93
2022,275,20.02,0.93
2022,276,19.22,0.92
2022,277,18.8,0.92
2022,278,19.05,0.91
2022,279,18.84,0.91
2022,280,18.53,0.91
2022,281,16.45,0.92
2022,282,16.5,0.92
2022,283,10.51,0.92
2022,284,10.48,0.91
2022,285,11.41,0.9
2022,286,11.34,0.89
2022,287,12.16,0.88
2022,288,11.86,0.88
2022,289,12.59,0.87
2022,290,13.21,0.86
2022,291,11.32,0.85
2022,292,9.61,0.85
2022,293,11.02,0.86
2022,294,13.72,0.87
2022,295,15.21,0.86
2022,296,15.86,0.85
2022,297,15.65,0.85
2022,298,16.05,0.84
2022,299,16.77,0.84
2022,300,16.57,0.83
2022,301,15.18,0.83
2022,302,14.32,0.83
2022,303,13.76,0.82
2022,304,12.67,0.82
2022,305,10.93,0.81
2022,306,10.49,0.81
2022,307,10.52,0.8
2022,308,11.31,0.8
2022,309,11.7,0.79
2022,310,11.94,0.79
2022,311,13.15,0.79
2022,312,13.16,0.79
2022,313,13.34,0.78
2022,314,15.3,0.78
2022,315,16.46,0.78
2022,316,16.57,0.78
2022,317,16.41,0.77
2022,318,16.78,0.77
2022,319,17.14,0.77
2022,320,17.59,0.77
2022,321,17.47,0.77
2022,322,17.82,0.77
2022,323,16.77,0.77
2022,324,14.0,0.77
2022,325,15.69,0.76
2022,326,16.42,0.76
2022,327,15.21,0.76
2022,328,14.95,0.77
2022,329,15.29,0.78
2022,330,15.98,0.79
2022,331,18.48,0.79
2022,332,18.81,0.78
2022,333,18.81,0.77
2022,334,13.52,0.78
2022,335,7.4,0.78
2022,336,6.91,0.78
2022,337,8.7,0.77
2022,338,9.0,0.77
2022,339,7.72,0.77
2022,340,7.48,0.77
2022,341,8.63,0.76
2022,342,9.79,0.76
2022,343,9.92,0.76
2022,344,10.05,0.76
2022,345,8.68,0.76
2022,346,7.38,0.76
2022,347,6.3,0.76
2022,348,6.01,0.75
2022,349,6.7,0.75
2022,350,8.37,0.75
2022,351,6.23,0.75
2022,352,4.66,0.75
2022,353,4.9,0.74
2022,354,7.46,0.74
2022,355,7.25,0.74
2022,356,7.3,0.74
2022,357,8.04,0.74
2022,358,7.62,0.74
2022,359,8.31,0.74
2022,360,10.39,0.73
2022,361,10.88,0.73
2022,362,7.78,0.74
2022,363,6.64,0.74
2022,364,6.44,0.74
2022,365,6.9,0.74
2023,1,7.14,0.73
2023,2,8.08,0.73
2023,3,7.53,0.73
2023,4,8.72,0.73
2023,5,10.09,0.73
2023,6,8.6,0.73
2023,7,7.4,0.73
2023,8,9.1,0.73
2023,9,10.75,0.72
2023,10,11.35,0.73
2023,11,11.79,0.74
2023,12,12.99,0.74
2023,13,12.83,0.73
2023,14,11.89,0.73
2023,15,7.48,0.73
2023,16,5.39,0.72
2023,17,5.57,0.72
2023,18,5.64,0.72
2023,19,6.89,0.72
2023,20,7.1,0.72
2023,21,8.32,0.72
2023,22,10.7,0.72
2023,23,11.52,0.71
2023,24,5.62,0.71
2023,25,5.32,0.71
2023,26,8.63,0.71
2023,27,6.6,0.71
2023,28,4.68,0.71
2023,29,4.8,0.71
2023,30,5.61,0.71
2023,31,7.04,0.7
2023,32,10.44,0.7
2023,33,13.28,0.7
2023,34,13.42,0.7
2023,35,13.94,0.71
2023,36,14.75,0.73
2023,37,14.58,0.73
2023,38,14.91,0.72
2023,39,15.14,0.72
2023,40,15.41,0.73
2023,41,15.28,0.72
2023,42,15.6,0.71
2023,43,13.39,0.71
2023,44,13.63,0.7
2023,45,7.88,0.7
2023,46,7.59,0.7
2023,47,8.73,0.7
2023,48,10.19,0.7
2023,49,11.95,0.69
2023,50,11.0,0.69
2023,51,9.88,0.69
2023,52,11.01,0.69
2023,53,10.79,0.69
2023,54,11.56,0.69
2023,55,10.32,0.69
2023,56,7.06,0.69
2023,57,6.74,0.68
2023,58,7.96,0.68
2023,59,9.94,0.68
2023,60,11.14,0.68
2023,61,10.54,0.67
2023,62,11.4,0.67
2023,63,10.55,0.67
2023,64,11.06,0.67
2023,65,11.75,0.67
2023,66,12.38,0.66
2023,67,13.07,0.66
2023,68,12.94,0.66
2023,69,12.99,0.66
2023,70,13.88,0.65
2023,71,11.96,0.65
2023,72,7.52,0.65
2023,73,10.27,0.65
2023,74,13.54,0.65
2023,75,14.0,0.65
2023,76,14.67,0.66
2023,77,14.5,0.65
2023,78,14.99,0.65
2023,79,16.36,0.65
2023,80,17.48,0.65
2023,81,16.59,0.64
2023,82,17.15,0.64
2023,83,17.73,0.63
2023,84,18.2,0.63
2023,85,12.36,0.63
2023,86,12.37,0.64
2023,87,11.76,0.64
2023,88,13.16,0.64
2023,89,13.34,0.65
2023,90,14.73,0.65
2023,91,16.56,0.64
2023,92,18.05,0.64
2023,93,18.15,0.64
2023,94,17.24,0.63
2023,95,16.64,0.62
2023,96,16.41,0.62
2023,97,12.07,0.62
2023,98,11.9,0.62
2023,99,13.19,0.62
2023,100,16.15,0.62
2023,101,18.1,0.61
2023,102,18.19,0.62
2023,103,18.78,0.62
2023,104,19.14,0.62
2023,105,16.59,0.63
2023,106,16.03,0.62
2023,107,18.01,0.62
2023,108,19.2,0.61
2023,109,19.35,0.61
2023,110,19.64,0.6
2023,111,20.11,0.6
2023,112,20.42,0.59
2023,113,20.07,0.59
2023,114,19.47,0.59
2023,115,14.19,0.6
2023,116,12.06,0.59
2023,117,14.98,0.59
2023,118,18.33,0.59
2023,119,15.03,0.61
2023,120,12.79,0.63
2023,121,13.88,0.61
2023,122,16.92,0.6
2023,123,18.82,0.6
2023,124,20.09,0.59
2023,125,19.54,0.58
2023,126,19.57,0.57
2023,127,22.29,0.56
2023,128,14.91,0.62
2023,129,17.32,0.64
2023,130,19.34,0.63
2023,131,18.91,0.63
2023,132,15.24,0.63
2023,133,14.73,0.63
2023,134,14.98,0.63
2023,135,17.24,0.62
2023,136,19.04,0.6
2023,137,18.36,0.59
2023,138,18.45,0.58
2023,139,20.98,0.57
2023,140,21.57,0.56
2023,141,21.79,0.56
2023,142,21.24,0.55
2023,143,17.6,0.55
2023,144,20.42,0.57
2023,145,20.64,0.59
2023,146,20.89,0.6
2023,147,20.57,0.59
2023,148,20.32,0.59
2023,149,20.42,0.58
2023,150,20.44,0.57
2023,151,20.41,0.56
2023,152,22.44,0.55
2023,153,22.18,0.55
2023,154,21.32,0.55
2023,155,21.04,0.56
2023,156,21.1,0.56
2023,157,20.45,0.58
2023,158,20.05,0.58
2023,159,20.91,0.59
2023,160,20.12,0.64
2023,161,19.56,0.63
2023,162,21.12,0.61
2023,163,22.08,0.6
2023,164,21.99,0.6
2023,165,21.09,0.63
2023,166,21.37,0.63
2023,167,21.78,0.62
2023,168,21.79,0.62
2023,169,21.68,0.63
2023,170,21.84,0.65
2023,171,21.3,0.65
2023,172,21.22,0.64
2023,173,21.07,0.64
2023,174,21.11,0.66
2023,175,21.55,0.7
2023,176,18.6,0.75
2023,177,19.91,0.75
2023,178,20.56,0.74
2023,179,21.47,0.72
2023,180,21.94,0.7
2023,181,22.9,0.68
2023,182,22.67,0.67
2023,183,21.95,0.67
2023,184,22.11,0.67
2023,185,21.91,0.67
2023,186,21.43,0.66
2023,187,21.51,0.65
2023,188,22.1,0.64
2023,189,22.61,0.64
2023,190,22.03,0.64
2023,191,21.1,0.64
2023,192,21.14,0.64
2023,193,21.27,0.64
2023,194,20.93,0.64
2023,195,21.43,0.63
2023,196,21.14,0.63
2023,197,20.71,0.63
2023,198,20.01,0.63
2023,199,19.3,0.63
2023,200,20.96,0.65
2023,201,20.95,0.66
2023,202,21.25,0.66
2023,203,21.0,0.66
2023,204,20.13,0.65
2023,205,20.6,0.64
2023,206,20.64,0.63
2023,207,20.77,0.62
2023,208,22.41,0.61
2023,209,22.11,0.64
2023,210,21.43,0.66
2023,211,22.44,0.65
2023,212,21.87,0.66
2023,213,21.08,0.69
2023,214,21.22,0.69
2023,215,21.0,0.71
2023,216,21.2,0.73
2023,217,21.24,0.77
2023,218,20.71,0.75
2023,219,20.05,0.74
2023,220,20.34,0.73
2023,221,20.6,0.71
2023,222,21.16,0.7
2023,223,21.41,0.71
2023,224,21.26,0.71
2023,225,21.11,0.71
2023,226,21.49,0.73
2023,227,20.92,0.73
2023,228,20.76,0.72
2023,229,21.66,0.71
2023,230,21.71,0.71
2023,231,21.25,0.72
2023,232,22.18,0.76
2023,233,21.66,0.77
2023,234,21.43,0.75
2023,235,21.58,0.73
2023,236,21.04,0.74
2023,237,20.8,0.76
2023,238,21.46,0.77
2023,239,21.64,0.76
2023,240,20.92,0.77
2023,241,18.85,0.76
2023,242,18.02,0.74
2023,243,16.48,0.73
2023,244,17.31,0.72
2023,245,18.39,0.72
2023,246,17.17,0.71
2023,247,17.73,0.72
2023,248,19.37,0.71
2023,249,20.5,0.71
2023,250,21.19,0.7
2023,251,21.09,0.72
2023,252,20.03,0.73
2023,253,20.68,0.73
2023,254,20.03,0.72
2023,255,20.72,0.73
2023,256,18.31,0.76
2023,257,17.36,0.79
2023,258,17.28,0.78
2023,259,18.92,0.77
2023,260,19.88,0.76
2023,261,19.99,0.75
2023,262,20.2,0.75
2023,263,21.15,0.75
2023,264,20.64,0.75
2023,265,20.14,0.74
2023,266,19.96,0.73
2023,267,19.46,0.73
2023,268,18.74,0.73
2023,269,19.98,0.76
2023,270,20.19,0.82
2023,271,20.34,0.87
2023,272,19.45,0.86
2023,273,19.59,0.83
2023,274,19.23,0.81
2023,275,18.63,0.79
2023,276,18.63,0.79
2023,277,19.55,0.78
2023,278,20.14,0.77
2023,279,20.3,0.77
2023,280,17.64,0.78
2023,281,14.2,0.78
2023,282,15.14,0.77
2023,283,14.84,0.76
2023,284,15.06,0.76
2023,285,15.63,0.76
2023,286,16.49,0.83
2023,287,16.3,0.84
2023,288,14.46,0.82
2023,289,15.25,0.8
2023,290,15.12,0.79
2023,291,16.39,0.79
2023,292,18.35,0.78
2023,293,14.39,0.78
2023,294,12.23,0.77
2023,295,13.24,0.77
2023,296,15.12,0.77
2023,297,16.65,0.76
2023,298,17.68,0.76
2023,299,17.59,0.76
2023,300,17.41,0.75
2023,301,17.38,0.75
2023,302,17.04,0.76
2023,303,14.79,0.75
2023,304,14.51,0.75
2023,305,13.89,0.75
2023,306,14.49,0.74
2023,307,16.91,0.74
2023,308,18.23,0.74
2023,309,18.79,0.74
2023,310,16.7,0.74
2023,311,13.27,0.75
2023,312,15.87,0.75
2023,313,18.41,0.74
2023,314,18.55,0.74
2023,315,18.28,0.73
2023,316,15.76,0.73
2023,317,9.74,0.74
2023,318,9.62,0.74
2023,319,11.96,0.73
2023,320,9.95,0.73
2023,321,8.03,0.73
2023,322,7.5,0.72
2023,323,8.34,0.72
2023,324,9.22,0.72
2023,325,10.12,0.72
2023,326,12.0,0.71
2023,327,13.39,0.71
2023,328,13.5,0.71
2023,329,13.27,0.71
2023,330,12.92,0.71
2023,331,12.76,0.71
2023,332,11.21,0.71
2023,333,12.3,0.7
2023,334,14.15,0.7
2023,335,9.96,0.72
2023,336,10.3,0.71
2023,337,11.2,0.71
2023,338,11.21,0.71
2023,339,12.16,0.71
2023,340,11.69,0.71
2023,341,9.63,0.71
2023,342,10.97,0.7
2023,343,14.66,0.7
2023,344,16.91,0.7
2023,345,17.21,0.7
2023,346,15.9,0.7
2023,347,15.2,0.7
2023,348,16.1,0.7
2023,349,16.74,0.7
2023,350,8.13,0.69
2023,351,6.26,0.69
2023,352,8.28,0.69
2023,353,7.39,0.69
2023,354,5.86,0.69
2023,355,5.21,0.69
2023,356,4.56,0.69
2023,357,4.74,0.69
2023,358,4.85,0.68
2023,359,5.11,0.68
2023,360,6.45,0.68
2023,361,8.94,0.68
2023,362,10.48,0.68
2023,363,11.77,0.68
2023,364,12.59,0.68
2023,365,13.03,0.68
2024,1,13.52,0.67
2024,2,14.18,0.67
2024,3,9.44,0.67
2024,4,9.76,0.67
2024,5,12.55,0.67
2024,6,12.83,0.67
2024,7,12.93,0.67
2024,8,13.68,0.66
2024,9,14.33,0.66
2024,10,12.61,0.67
2024,11,12.41,0.69
2024,12,12.76,0.7
2024,13,12.42,0.7
2024,14,12.36,0.7
2024,15,12.34,0.69
2024,16,12.6,0.69
2024,17,13.07,0.69
2024,18,13.57,0.69
2024,19,13.9,0.68
2024,20,12.58,0.68
2024,21,9.01,0.68
2024,22,6.06,0.68
2024,23,4.48,0.68
2024,24,4.5,0.68
2024,25,4.97,0.68
2024,26,6.52,0.68
2024,27,6.96,0.68
2024,28,7.08,0.68
2024,29,7.89,0.68
2024,30,10.33,0.67
2024,31,12.87,0.67
2024,32,14.22,0.67
2024,33,14.61,0.67
2024,34,14.93,0.66
2024,35,14.41,0.66
2024,36,14.77,0.66
2024,37,13.68,0.65
2024,38,10.33,0.65
2024,39,7.31,0.65
2024,40,6.39,0.65
2024,41,7.4,0.65
2024,42,7.77,0.65
2024,43,8.99,0.64
2024,44,11.87,0.64
2024,45,12.56,0.64
2024,46,13.43,0.64
2024,47,10.05,0.64
2024,48,12.72,0.63
2024,49,14.91,0.63
2024,50,14.53,0.63
2024,51,15.54,0.63
2024,52,15.48,0.62
2024,53,16.51,0.62
2024,54,10.68,0.62
2024,55,8.5,0.63
2024,56,8.21,0.63
2024,57,9.16,0.63
2024,58,7.77,0.63
2024,59,10.24,0.63
2024,60,10.11,0.63
2024,61,6.97,0.63
2024,62,6.93,0.62
2024,63,9.46,0.62
2024,64,13.23,0.62
2024,65,12.23,0.61
2024,66,12.13,0.61
2024,67,10.47,0.6
2024,68,10.05,0.6
2024,69,11.57,0.6
2024,70,11.35,0.61
2024,71,10.85,0.61
2024,72,11.32,0.6
2024,73,13.98,0.6
2024,74,15.45,0.6
2024,75,15.67,0.6
2024,76,16.3,0.6
2024,77,16.61,0.6
2024,78,16.8,0.59
2024,79,11.06,0.62
2024,80,9.51,0.63
2024,81,11.31,0.62
2024,82,14.88,0.61
2024,83,16.77,0.61
2024,84,17.39,0.6
2024,85,17.31,0.6
2024,86,16.55,0.59
2024,87,16.73,0.59
2024,88,17.42,0.59
2024,89,16.15,0.6
2024,90,17.32,0.6
2024,91,17.57,0.59
2024,92,16.79,0.58
2024,93,16.83,0.58
2024,94,17.49,0.57
2024,95,18.71,0.57
2024,96,18.51,0.56
2024,97,18.34,0.56
2024,98,18.44,0.57
2024,99,17.0,0.57
2024,100,15.25,0.57
2024,101,16.37,0.57
2024,102,17.51,0.57
2024,103,18.12,0.57
2024,104,18.96,0.56
2024,105,19.32,0.56
2024,106,19.67,0.55
2024,107,19.05,0.55
2024,108,19.55,0.55
2024,109,19.15,0.55
2024,110,19.26,0.55
2024,111,18.7,0.55
2024,112,19.52,0.54
2024,113,19.71,0.55
2024,114,19.7,0.54
2024,115,19.59,0.55
2024,116,19.73,0.55
2024,117,18.36,0.55
2024,118,16.76,0.54
2024,119,17.28,0.53
2024,120,19.36,0.52
2024,121,17.88,0.52
2024,122,16.92,0.53
2024,123,17.39,0.57
2024,124,20.1,0.61
2024,125,19.81,0.61
2024,126,19.57,0.6
2024,127,19.53,0.63
2024,128,18.88,0.62
2024,129,17.95,0.62
2024,130,18.27,0.63
2024,131,19.27,0.64
2024,132,19.4,0.62
2024,133,20.01,0.62
2024,134,16.34,0.62
2024,135,17.07,0.61
2024,136,19.1,0.6
2024,137,17.95,0.62
2024,138,17.93,0.61
2024,139,20.76,0.6
2024,140,21.76,0.61
2024,141,18.33,0.63
2024,142,17.99,0.61
2024,143,18.66,0.6
2024,144,18.73,0.6
2024,145,18.97,0.59
2024,146,20.32,0.59
2024,147,21.56,0.62
2024,148,21.11,0.61
2024,149,20.94,0.6
2024,150,23.05,0.6
2024,151,22.13,0.6
2024,152,17.7,0.61
2024,153,18.97,0.6
2024,154,20.71,0.59
2024,155,21.42,0.59
2024,156,22.02,0.6
2024,157,21.77,0.62
2024,158,20.51,0.67
2024,159,21.33,0.67
2024,160,21.89,0.67
2024,161,22.34,0.73
2024,162,21.85,0.77
2024,163,21.67,0.77
2024,164,21.77,0.74
2024,165,21.49,0.72
2024,166,21.28,0.69
2024,167,22.34,0.68
2024,168,21.59,0.68
2024,169,22.04,0.67
2024,170,22.27,0.67
2024,171,21.7,0.67
2024,172,21.5,0.66
2024,173,22.29,0.66
2024,174,22.95,0.66
2024,175,22.06,0.66
2024,176,21.04,0.69
2024,177,21.36,0.71
2024,178,21.37,0.72
2024,179,21.11,0.73
2024,180,21.8,0.71
2024,181,22.21,0.7
2024,182,22.17,0.7
2024,183,21.63,0.69
2024,184,20.98,0.69
2024,185,22.14,0.72
2024,186,21.59,0.73
2024,187,20.86,0.72
2024,188,21.47,0.71
2024,189,21.74,0.7
2024,190,21.68,0.7
2024,191,22.06,0.69
2024,192,22.5,0.72
2024,193,21.78,0.71
2024,194,21.37,0.71
2024,195,22.14,0.71
2024,196,22.12,0.73
2024,197,21.48,0.74
2024,198,21.72,0.76
2024,199,21.14,0.77
2024,200,21.13,0.79
2024,201,21.64,0.81
2024,202,22.11,0.79
2024,203,21.34,0.77
2024,204,20.41,0.76
2024,205,20.64,0.76
2024,206,21.53,0.77
2024,207,21.82,0.77
2024,208,21.71,0.76
2024,209,22.0,0.75
2024,210,22.89,0.76
2024,211,21.96,0.78
2024,212,21.48,0.83
2024,213,20.91,0.83
2024,214,20.39,0.81
2024,215,20.53,0.81
2024,216,20.64,0.8
2024,217,21.31,0.79
2024,218,21.56,0.78
2024,219,21.37,0.78
2024,220,21.23,0.79
2024,221,21.89,0.79
2024,222,22.17,0.78
2024,223,22.02,0.77
2024,224,23.39,0.78
2024,225,22.19,0.8
2024,226,20.99,0.8
2024,227,21.01,0.8
2024,228,21.5,0.8
2024,229,21.26,0.8
2024,230,21.08,0.79
2024,231,21.37,0.79
2024,232,21.67,0.81
2024,233,21.85,0.81
2024,234,22.18,0.81
2024,235,22.34,0.81
2024,236,21.49,0.88
2024,237,20.78,0.87
2024,238,20.74,0.89
2024,239,21.03,0.87
2024,240,20.4,0.86
2024,241,20.83,0.86
2024,242,21.7,0.85
2024,243,21.69,0.87
2024,244,21.21,0.88
2024,245,21.04,0.87
2024,246,21.23,0.86
2024,247,20.95,0.86
2024,248,20.91,0.85
2024,249,21.87,0.84
2024,250,22.46,0.84
2024,251,20.38,0.88
2024,252,22.21,0.95
2024,253,22.59,0.95
2024,254,19.73,0.98
2024,255,18.93,0.99
2024,256,19.58,0.99
2024,257,20.13,0.98
2024,258,20.97,0.97
2024,259,19.92,0.97
2024,260,20.7,0.96
2024,261,20.91,0.96
2024,262,20.88,0.96
2024,263,21.2,0.96
2024,264,21.49,0.96
2024,265,21.34,0.96
2024,266,18.08,0.98
2024,267,15.67,0.98
2024,268,15.72,0.97
2024,269,17.01,0.96
2024,270,18.15,0.95
2024,271,20.34,0.95
2024,272,21.82,0.94
2024,273,22.5,0.94
2024,274,22.59,0.94
2024,275,17.75,0.95
2024,276,13.32,0.94
2024,277,12.16,0.93
2024,278,12.46,0.92
2024,279,12.75,0.92
2024,280,14.79,0.91
2024,281,15.56,0.9
2024,282,14.75,0.89
2024,283,15.01,0.89
2024,284,14.92,0.88
2024,285,14.56,0.87
2024,286,16.09,0.86
2024,287,17.78,0.86
2024,288,18.31,0.85
2024,289,18.89,0.85
2024,290,17.75,0.85
2024,291,18.73,0.85
2024,292,19.35,0.84
2024,293,19.14,0.84
2024,294,18.75,0.84
2024,295,18.82,0.84
2024,296,18.3,0.84
2024,297,13.04,0.83
2024,298,12.12,0.82
2024,299,11.88,0.82
2024,300,12.38,0.81
2024,301,13.23,0.81
2024,302,11.89,0.81
2024,303,12.62,0.81
2024,304,14.27,0.81
2024,305,14.25,0.8
2024,306,12.54,0.8
2024,307,10.86,0.79
2024,308,12.62,0.79
2024,309,14.28,0.79
2024,310,13.31,0.79
2024,311,12.96,0.79
2024,312,12.3,0.78
2024,313,10.86,0.78
2024,314,10.56,0.78
2024,315,11.53,0.77
2024,316,13.48,0.77
2024,317,15.48,0.77
2024,318,16.0,0.76
2024,319,16.8,0.76
2024,320,17.69,0.76
2024,321,17.32,0.75
2024,322,15.78,0.75
2024,323,13.79,0.75
2024,324,12.67,0.75
2024,325,11.13,0.75
2024,326,10.25,0.74
2024,327,10.07,0.74
2024,328,11.01,0.74
2024,329,13.13,0.74
2024,330,14.48,0.74
2024,331,10.12,0.74
2024,332,8.89,0.74
2024,333,8.4,0.74
2024,334,7.89,0.74
2024,335,8.23,0.73
2024,336,10.56,0.73
2024,337,12.95,0.73
2024,338,14.32,0.73
2024,339,13.74,0.73
2024,340,13.33,0.73
2024,341,13.49,0.73
2024,342,10.27,0.73
2024,343,8.06,0.73
2024,344,9.51,0.72
2024,345,12.57,0.72
2024,346,11.36,0.72
2024,347,8.62,0.72
2024,348,7.53,0.72
2024,349,6.2,0.72
2024,350,5.72,0.72
2024,351,5.88,0.72
2024,352,7.43,0.72
2024,353,7.79,0.71
2024,354,6.57,0.71
2024,355,6.94,0.71
2024,356,7.41,0.71
2024,357,6.65,0.71
2024,358,7.08,0.71
2024,359,6.82,0.71
2024,360,8.07,0.71
2024,361,9.09,0.7
2024,362,8.88,0.7
2024,363,6.77,0.7
2024,364,7.18,0.7
2024,365,9.45,0.7
2024,366,8.77,0.7
2025,1,9.01,0.7
2025,2,9.48,0.7
2025,3,8.9,0.7
2025,4,9.04,0.69
2025,5,8.48,0.69
2025,6,8.38,0.69
2025,7,10.05,0.69
2025,8,10.79,0.69
2025,9,8.49,0.69
2025,10,6.25,0.69
2025,11,5.25,0.69
2025,12,4.88,0.69
2025,13,6.18,0.68
2025,14,8.71,0.68
2025,15,7.92,0.68
2025,16,6.61,0.68
2025,17,7.2,0.68
2025,18,9.15,0.68
2025,19,9.57,0.68
2025,20,9.25,0.68
2025,21,9.1,0.68
2025,22,10.87,0.67
2025,23,11.66,0.67
2025,24,12.4,0.67
2025,25,13.38,0.67
2025,26,6.73,0.67
2025,27,4.98,0.67
2025,28,5.08,0.67
2025,29,6.57,0.67
2025,30,9.55,0.66
2025,31,12.04,0.66
2025,32,12.62,0.66
2025,33,11.92,0.66
2025,34,7.08,0.66
2025,35,6.33,0.65
2025,36,8.68,0.65
2025,37,10.71,0.65
2025,38,7.47,0.66
2025,39,5.87,0.66
2025,40,5.76,0.65
2025,41,7.78,0.65
2025,42,10.23,0.65
2025,43,11.98,0.65
2025,44,9.21,0.64
2025,45,11.81,0.64
2025,46,13.55,0.64
2025,47,12.12,0.64
2025,48,11.73,0.64
2025,49,10.42,0.65
2025,50,11.56,0.65
2025,51,12.26,0.65
2025,52,12.02,0.65
2025,53,12.23,0.65
2025,54,9.44,0.64
2025,55,7.47,0.64
2025,56,9.16,0.65
2025,57,9.68,0.66
2025,58,11.47,0.65
2025,59,13.32,0.65
2025,60,14.55,0.64
2025,61,15.38,0.64
2025,62,15.63,0.63
2025,63,15.82,0.62
2025,64,13.52,0.62
2025,65,7.54,0.62
2025,66,7.35,0.62
2025,67,9.21,0.62
2025,68,11.06,0.62
2025,69,12.61,0.62
2025,70,14.01,0.61
2025,71,15.53,0.61
2025,72,16.46,0.61
2025,73,16.73,0.61
2025,74,15.55,0.61
2025,75,8.23,0.61
2025,76,8.28,0.6
2025,77,8.03,0.6
2025,78,7.61,0.6
2025,79,7.59,0.6
2025,80,8.26,0.59
2025,81,9.52,0.59
2025,82,11.31,0.59
2025,83,12.96,0.59
2025,84,14.77,0.58
2025,85,15.56,0.58
2025,86,16.38,0.58
2025,87,16.95,0.58
2025,88,9.29,0.58
2025,89,7.54,0.59
2025,90,7.78,0.59
2025,91,8.37,0.58
2025,92,9.39,0.58
2025,93,10.09,0.58
2025,94,12.46,0.57
2025,95,13.78,0.57
2025,96,13.82,0.58
2025,97,14.93,0.58
2025,98,16.01,0.58
2025,99,16.22,0.57
2025,100,16.75,0.57
2025,101,17.45,0.56
2025,102,14.31,0.57
2025,103,10.06,0.57
2025,104,10.83,0.57
2025,105,11.27,0.56
2025,106,12.93,0.56
2025,107,17.15,0.55
2025,108,17.9,0.55
2025,109,18.13,0.55
2025,110,18.6,0.54
2025,111,19.07,0.54
2025,112,18.86,0.53
2025,113,18.62,0.52
2025,114,19.56,0.52
2025,115,15.9,0.54
2025,116,17.67,0.55
2025,117,19.09,0.54
2025,118,17.25,0.55
2025,119,16.21,0.56
2025,120,17.94,0.57
2025,121,16.73,0.59
2025,122,16.32,0.58
2025,123,18.55,0.57
2025,124,19.47,0.56
2025,125,19.25,0.55
2025,126,20.46,0.54
2025,127,20.87,0.54
2025,128,20.07,0.53
2025,129,20.48,0.52
2025,130,19.15,0.53
2025,131,12.59,0.59
2025,132,12.67,0.59
2025,133,15.52,0.58
2025,134,18.6,0.56
2025,135,19.64,0.56
2025,136,19.61,0.57
2025,137,20.07,0.57
2025,138,20.25,0.58
2025,139,20.48,0.62
2025,140,20.76,0.62
2025,141,21.19,0.6
2025,142,21.27,0.59
2025,143,21.02,0.61
2025,144,17.69,0.63
2025,145,14.64,0.62
2025,146,14.29,0.61
2025,147,17.25,0.6
2025,148,19.0,0.59
2025,149,19.42,0.6
2025,150,18.37,0.61
2025,151,21.08,0.6
2025,152,20.82,0.59
2025,153,20.26,0.57
2025,154,18.42,0.57
2025,155,19.07,0.61
2025,156,20.69,0.61
2025,157,21.37,0.61
2025,158,22.09,0.61
2025,159,22.19,0.63
2025,160,21.18,0.64
2025,161,20.82,0.65
2025,162,19.88,0.64
2025,163,20.18,0.62
2025,164,20.16,0.62
2025,165,20.16,0.61
2025,166,22.02,0.63
2025,167,21.82,0.65
2025,168,21.65,0.65
2025,169,21.85,0.64
2025,170,20.94,0.64
2025,171,21.45,0.64
2025,172,21.51,0.72
2025,173,21.45,0.77
2025,174,21.41,0.77
2025,175,21.6,0.78
2025,176,21.08,0.76
2025,177,20.57,0.73
2025,178,20.82,0.73
2025,179,21.02,0.73
2025,180,20.37,0.74
2025,181,21.16,0.79
2025,182,21.13,0.81
2025,183,20.65,0.82
2025,184,20.42,0.81
2025,185,20.36,0.81
2025,186,20.56,0.8
2025,187,20.54,0.8
2025,188,21.08,0.8
2025,189,21.84,0.8
2025,190,21.8,0.8
2025,191,21.16,0.8
2025,192,21.34,0.8
2025,193,21.18,0.82
2025,194,20.54,0.85
2025,195,21.12,0.83
2025,196,22.35,0.83
2025,197,22.67,0.83
2025,198,22.36,0.83
2025,199,22.53,0.82
2025,200,22.84,0.82
2025,201,22.18,0.82
2025,202,21.66,0.82
2025,203,20.99,0.9
2025,204,21.15,0.92
2025,205,21.01,0.91
2025,206,20.93,0.9
2025,207,21.29,0.9
2025,208,21.76,0.89
2025,209,21.51,0.88
2025,210,22.44,0.87
2025,211,23.35,0.87
2025,212,21.36,0.8
2025,213,21.81,0.86
2025,214,22.0,0.86
2025,215,23.17,0.85
2025,216,22.47,0.85
2025,217,21.68,0.85
2025,218,21.27,0.85
2025,219,21.87,0.84
2025,220,22.0,0.84
2025,221,21.89,0.83
2025,222,22.28,0.83
2025,223,22.27,0.83
2025,224,21.69,0.82
2025,225,21.76,0.82
2025,226,21.78,0.81
2025,227,21.5,0.81
2025,228,20.76,0.83
2025,229,20.35,0.83
2025,230,19.67,0.83
2025,231,19.59,0.86
2025,232,20.88,0.86
2025,233,21.36,0.85
2025,234,20.85,0.85
2025,235,20.6,0.84
2025,236,20.63,0.84
2025,237,20.09,0.86
2025,238,20.43,0.93
2025,239,20.19,0.92
2025,240,19.78,0.91
2025,241,19.87,0.91
2025,242,20.14,0.94
2025,243,20.56,0.93
2025,244,20.77,0.93
2025,245,20.76,0.92
2025,246,20.65,0.91
2025,247,20.67,0.9
2025,248,20.88,0.89
2025,249,20.83,0.88
2025,250,20.28,0.88
2025,251,20.32,0.86
2025,252,21.39,0.86
2025,253,21.21,0.86
2025,254,21.19,0.86
2025,255,20.96,0.85
2025,256,20.47,0.85
2025,257,19.61,0.84
2025,258,20.15,0.84
2025,259,20.43,0.84
2025,260,20.21,0.84
2025,261,19.9,0.85
2025,262,20.53,0.85
2025,263,20.3,0.84
2025,264,20.89,0.83
2025,265,19.7,0.84
2025,266,19.41,0.84
2025,267,19.6,0.84
2025,268,18.18,0.83
2025,269,18.65,0.83
2025,270,20.2,0.85
2025,271,19.45,0.86
2025,272,19.86,0.94
2025,273,,
2025,274,,
2025,275,,
